Current state,Previous residence,Persons
JAMMU & KASHMIR,Jammu & Kashmir,0
JAMMU & KASHMIR,Himachal Pradesh,8609
JAMMU & KASHMIR,Punjab,43938
JAMMU & KASHMIR,Chandigarh,611
JAMMU & KASHMIR,Uttarakhand,3180
JAMMU & KASHMIR,Haryana,5987
JAMMU & KASHMIR,NCT of Delhi,5269
JAMMU & KASHMIR,Rajasthan,6079
JAMMU & KASHMIR,Uttar Pradesh,20190
JAMMU & KASHMIR,Bihar,13200
JAMMU & KASHMIR,Sikkim,109
JAMMU & KASHMIR,Arunachal Pradesh,105
JAMMU & KASHMIR,Nagaland,97
JAMMU & KASHMIR,Manipur,227
JAMMU & KASHMIR,Mizoram,57
JAMMU & KASHMIR,Tripura,173
JAMMU & KASHMIR,Meghalaya,139
JAMMU & KASHMIR,Assam,1906
JAMMU & KASHMIR,West Bengal,10164
JAMMU & KASHMIR,Jharkhand,2210
JAMMU & KASHMIR,Odisha,2233
JAMMU & KASHMIR,Chhattisgarh,9949
JAMMU & KASHMIR,Madhya Pradesh,7599
JAMMU & KASHMIR,Gujarat,1237
JAMMU & KASHMIR,Daman & Diu,6
JAMMU & KASHMIR,Dadra & Nagar Haveli,17
JAMMU & KASHMIR,Maharashtra,4722
JAMMU & KASHMIR,Andhra Pradesh,2085
JAMMU & KASHMIR,Karnataka,1313
JAMMU & KASHMIR,Goa,116
JAMMU & KASHMIR,Lakshadweep,264
JAMMU & KASHMIR,Kerala,1485
JAMMU & KASHMIR,Tamil Nadu,1842
JAMMU & KASHMIR,Puducherry,18
JAMMU & KASHMIR,Andaman & Nicobar Islands,51
JAMMU & KASHMIR,Afganistan,9
JAMMU & KASHMIR,Bangladesh,300
JAMMU & KASHMIR,Bhutan,7
JAMMU & KASHMIR,China,861
JAMMU & KASHMIR,Indonesia,10
JAMMU & KASHMIR,Iran,42
JAMMU & KASHMIR,Iraq,23
JAMMU & KASHMIR,Japan,19
JAMMU & KASHMIR,Kuwait,3
JAMMU & KASHMIR,Malaysia,4
JAMMU & KASHMIR,Maldives,0
JAMMU & KASHMIR,Mayanmar,474
JAMMU & KASHMIR,Nepal,2016
JAMMU & KASHMIR,Pakistan,15243
JAMMU & KASHMIR,Saudi Arabia,132
JAMMU & KASHMIR,Singapore,11
JAMMU & KASHMIR,Sri Lanka,0
JAMMU & KASHMIR,Turkey,0
JAMMU & KASHMIR,United Arab Emirates,49
JAMMU & KASHMIR,Kazakstan,2
JAMMU & KASHMIR,Vietnam,0
JAMMU & KASHMIR,Countries in Europe,395
JAMMU & KASHMIR,France,5
JAMMU & KASHMIR,Germany,22
JAMMU & KASHMIR,Portugal,0
JAMMU & KASHMIR,UK,65
JAMMU & KASHMIR,Kenya,0
JAMMU & KASHMIR,Mauritius,4
JAMMU & KASHMIR,Nigeria,5
JAMMU & KASHMIR,Uganda,1
JAMMU & KASHMIR,Zambia,0
JAMMU & KASHMIR,Canada,18
JAMMU & KASHMIR,U.S.A.,121
JAMMU & KASHMIR,Australia,29
JAMMU & KASHMIR,Fiji,3
HIMACHAL PRADESH,Jammu & Kashmir,15565
HIMACHAL PRADESH,Himachal Pradesh,0
HIMACHAL PRADESH,Punjab,130851
HIMACHAL PRADESH,Chandigarh,11136
HIMACHAL PRADESH,Uttarakhand,22740
HIMACHAL PRADESH,Haryana,35750
HIMACHAL PRADESH,NCT of Delhi,18467
HIMACHAL PRADESH,Rajasthan,8652
HIMACHAL PRADESH,Uttar Pradesh,66005
HIMACHAL PRADESH,Bihar,37600
HIMACHAL PRADESH,Sikkim,844
HIMACHAL PRADESH,Arunachal Pradesh,1052
HIMACHAL PRADESH,Nagaland,172
HIMACHAL PRADESH,Manipur,220
HIMACHAL PRADESH,Mizoram,77
HIMACHAL PRADESH,Tripura,131
HIMACHAL PRADESH,Meghalaya,197
HIMACHAL PRADESH,Assam,2134
HIMACHAL PRADESH,West Bengal,5897
HIMACHAL PRADESH,Jharkhand,10645
HIMACHAL PRADESH,Odisha,3295
HIMACHAL PRADESH,Chhattisgarh,5008
HIMACHAL PRADESH,Madhya Pradesh,6509
HIMACHAL PRADESH,Gujarat,1578
HIMACHAL PRADESH,Daman & Diu,31
HIMACHAL PRADESH,Dadra & Nagar Haveli,8
HIMACHAL PRADESH,Maharashtra,5752
HIMACHAL PRADESH,Andhra Pradesh,1933
HIMACHAL PRADESH,Karnataka,1538
HIMACHAL PRADESH,Goa,111
HIMACHAL PRADESH,Lakshadweep,102
HIMACHAL PRADESH,Kerala,775
HIMACHAL PRADESH,Tamil Nadu,668
HIMACHAL PRADESH,Puducherry,14
HIMACHAL PRADESH,Andaman & Nicobar Islands,47
HIMACHAL PRADESH,Afganistan,21
HIMACHAL PRADESH,Bangladesh,40
HIMACHAL PRADESH,Bhutan,299
HIMACHAL PRADESH,China,15
HIMACHAL PRADESH,Indonesia,1
HIMACHAL PRADESH,Iran,5
HIMACHAL PRADESH,Iraq,6
HIMACHAL PRADESH,Japan,11
HIMACHAL PRADESH,Kuwait,29
HIMACHAL PRADESH,Malaysia,14
HIMACHAL PRADESH,Maldives,0
HIMACHAL PRADESH,Mayanmar,8
HIMACHAL PRADESH,Nepal,50660
HIMACHAL PRADESH,Pakistan,2359
HIMACHAL PRADESH,Saudi Arabia,37
HIMACHAL PRADESH,Singapore,5
HIMACHAL PRADESH,Sri Lanka,4
HIMACHAL PRADESH,Turkey,0
HIMACHAL PRADESH,United Arab Emirates,83
HIMACHAL PRADESH,Kazakstan,0
HIMACHAL PRADESH,Vietnam,0
HIMACHAL PRADESH,Countries in Europe,1337
HIMACHAL PRADESH,France,13
HIMACHAL PRADESH,Germany,30
HIMACHAL PRADESH,Portugal,2
HIMACHAL PRADESH,UK,47
HIMACHAL PRADESH,Kenya,4
HIMACHAL PRADESH,Mauritius,1
HIMACHAL PRADESH,Nigeria,8
HIMACHAL PRADESH,Uganda,0
HIMACHAL PRADESH,Zambia,0
HIMACHAL PRADESH,Canada,147
HIMACHAL PRADESH,U.S.A.,88
HIMACHAL PRADESH,Australia,50
HIMACHAL PRADESH,Fiji,0
PUNJAB,Jammu & Kashmir,70299
PUNJAB,Himachal Pradesh,214213
PUNJAB,Punjab,0
PUNJAB,Chandigarh,149591
PUNJAB,Uttarakhand,55392
PUNJAB,Haryana,545584
PUNJAB,NCT of Delhi,45310
PUNJAB,Rajasthan,202166
PUNJAB,Uttar Pradesh,649557
PUNJAB,Bihar,352537
PUNJAB,Sikkim,330
PUNJAB,Arunachal Pradesh,405
PUNJAB,Nagaland,569
PUNJAB,Manipur,774
PUNJAB,Mizoram,311
PUNJAB,Tripura,385
PUNJAB,Meghalaya,507
PUNJAB,Assam,11925
PUNJAB,West Bengal,46958
PUNJAB,Jharkhand,19950
PUNJAB,Odisha,11717
PUNJAB,Chhattisgarh,8403
PUNJAB,Madhya Pradesh,32869
PUNJAB,Gujarat,10436
PUNJAB,Daman & Diu,6
PUNJAB,Dadra & Nagar Haveli,17
PUNJAB,Maharashtra,32781
PUNJAB,Andhra Pradesh,7789
PUNJAB,Karnataka,4470
PUNJAB,Goa,435
PUNJAB,Lakshadweep,600
PUNJAB,Kerala,5910
PUNJAB,Tamil Nadu,5540
PUNJAB,Puducherry,310
PUNJAB,Andaman & Nicobar Islands,253
PUNJAB,Afganistan,58
PUNJAB,Bangladesh,525
PUNJAB,Bhutan,40
PUNJAB,China,274
PUNJAB,Indonesia,73
PUNJAB,Iran,36
PUNJAB,Iraq,34
PUNJAB,Japan,12
PUNJAB,Kuwait,143
PUNJAB,Malaysia,354
PUNJAB,Maldives,5
PUNJAB,Mayanmar,492
PUNJAB,Nepal,27791
PUNJAB,Pakistan,201162
PUNJAB,Saudi Arabia,82
PUNJAB,Singapore,282
PUNJAB,Sri Lanka,58
PUNJAB,Turkey,2
PUNJAB,United Arab Emirates,1355
PUNJAB,Kazakstan,1
PUNJAB,Vietnam,1
PUNJAB,Countries in Europe,6349
PUNJAB,France,31
PUNJAB,Germany,218
PUNJAB,Portugal,16
PUNJAB,UK,968
PUNJAB,Kenya,71
PUNJAB,Mauritius,6
PUNJAB,Nigeria,7
PUNJAB,Uganda,9
PUNJAB,Zambia,4
PUNJAB,Canada,2177
PUNJAB,U.S.A.,1182
PUNJAB,Australia,731
PUNJAB,Fiji,8
CHANDIGARH,Jammu & Kashmir,5997
CHANDIGARH,Himachal Pradesh,60254
CHANDIGARH,Punjab,148481
CHANDIGARH,Chandigarh,0
CHANDIGARH,Uttarakhand,31164
CHANDIGARH,Haryana,93037
CHANDIGARH,NCT of Delhi,20889
CHANDIGARH,Rajasthan,9446
CHANDIGARH,Uttar Pradesh,179574
CHANDIGARH,Bihar,50703
CHANDIGARH,Sikkim,70
CHANDIGARH,Arunachal Pradesh,99
CHANDIGARH,Nagaland,84
CHANDIGARH,Manipur,623
CHANDIGARH,Mizoram,47
CHANDIGARH,Tripura,73
CHANDIGARH,Meghalaya,183
CHANDIGARH,Assam,2166
CHANDIGARH,West Bengal,6951
CHANDIGARH,Jharkhand,3023
CHANDIGARH,Odisha,1600
CHANDIGARH,Chhattisgarh,1123
CHANDIGARH,Madhya Pradesh,3730
CHANDIGARH,Gujarat,2082
CHANDIGARH,Daman & Diu,10
CHANDIGARH,Dadra & Nagar Haveli,7
CHANDIGARH,Maharashtra,4999
CHANDIGARH,Andhra Pradesh,1528
CHANDIGARH,Karnataka,1514
CHANDIGARH,Goa,94
CHANDIGARH,Lakshadweep,19
CHANDIGARH,Kerala,1016
CHANDIGARH,Tamil Nadu,3223
CHANDIGARH,Puducherry,32
CHANDIGARH,Andaman & Nicobar Islands,125
CHANDIGARH,Afganistan,38
CHANDIGARH,Bangladesh,25
CHANDIGARH,Bhutan,39
CHANDIGARH,China,13
CHANDIGARH,Indonesia,28
CHANDIGARH,Iran,30
CHANDIGARH,Iraq,19
CHANDIGARH,Japan,6
CHANDIGARH,Kuwait,22
CHANDIGARH,Malaysia,22
CHANDIGARH,Maldives,0
CHANDIGARH,Mayanmar,33
CHANDIGARH,Nepal,7230
CHANDIGARH,Pakistan,2965
CHANDIGARH,Saudi Arabia,12
CHANDIGARH,Singapore,13
CHANDIGARH,Sri Lanka,2
CHANDIGARH,Turkey,1
CHANDIGARH,United Arab Emirates,65
CHANDIGARH,Kazakstan,1
CHANDIGARH,Vietnam,0
CHANDIGARH,Countries in Europe,452
CHANDIGARH,France,14
CHANDIGARH,Germany,37
CHANDIGARH,Portugal,0
CHANDIGARH,UK,115
CHANDIGARH,Kenya,27
CHANDIGARH,Mauritius,4
CHANDIGARH,Nigeria,12
CHANDIGARH,Uganda,5
CHANDIGARH,Zambia,3
CHANDIGARH,Canada,163
CHANDIGARH,U.S.A.,309
CHANDIGARH,Australia,72
CHANDIGARH,Fiji,1
UTTARAKHAND,Jammu & Kashmir,9268
UTTARAKHAND,Himachal Pradesh,24089
UTTARAKHAND,Punjab,45667
UTTARAKHAND,Chandigarh,2850
UTTARAKHAND,Uttarakhand,0
UTTARAKHAND,Haryana,33899
UTTARAKHAND,NCT of Delhi,52002
UTTARAKHAND,Rajasthan,18410
UTTARAKHAND,Uttar Pradesh,890663
UTTARAKHAND,Bihar,76116
UTTARAKHAND,Sikkim,612
UTTARAKHAND,Arunachal Pradesh,1232
UTTARAKHAND,Nagaland,729
UTTARAKHAND,Manipur,926
UTTARAKHAND,Mizoram,286
UTTARAKHAND,Tripura,501
UTTARAKHAND,Meghalaya,880
UTTARAKHAND,Assam,5731
UTTARAKHAND,West Bengal,26298
UTTARAKHAND,Jharkhand,10768
UTTARAKHAND,Odisha,4224
UTTARAKHAND,Chhattisgarh,3239
UTTARAKHAND,Madhya Pradesh,13268
UTTARAKHAND,Gujarat,5344
UTTARAKHAND,Daman & Diu,45
UTTARAKHAND,Dadra & Nagar Haveli,66
UTTARAKHAND,Maharashtra,13114
UTTARAKHAND,Andhra Pradesh,3565
UTTARAKHAND,Karnataka,2330
UTTARAKHAND,Goa,236
UTTARAKHAND,Lakshadweep,328
UTTARAKHAND,Kerala,1962
UTTARAKHAND,Tamil Nadu,1748
UTTARAKHAND,Puducherry,69
UTTARAKHAND,Andaman & Nicobar Islands,110
UTTARAKHAND,Afganistan,30
UTTARAKHAND,Bangladesh,12138
UTTARAKHAND,Bhutan,333
UTTARAKHAND,China,1730
UTTARAKHAND,Indonesia,7
UTTARAKHAND,Iran,20
UTTARAKHAND,Iraq,8
UTTARAKHAND,Japan,32
UTTARAKHAND,Kuwait,32
UTTARAKHAND,Malaysia,13
UTTARAKHAND,Maldives,2
UTTARAKHAND,Mayanmar,253
UTTARAKHAND,Nepal,44084
UTTARAKHAND,Pakistan,12925
UTTARAKHAND,Saudi Arabia,68
UTTARAKHAND,Singapore,25
UTTARAKHAND,Sri Lanka,18
UTTARAKHAND,Turkey,0
UTTARAKHAND,United Arab Emirates,113
UTTARAKHAND,Kazakstan,0
UTTARAKHAND,Vietnam,1
UTTARAKHAND,Countries in Europe,874
UTTARAKHAND,France,40
UTTARAKHAND,Germany,42
UTTARAKHAND,Portugal,0
UTTARAKHAND,UK,54
UTTARAKHAND,Kenya,4
UTTARAKHAND,Mauritius,4
UTTARAKHAND,Nigeria,14
UTTARAKHAND,Uganda,4
UTTARAKHAND,Zambia,0
UTTARAKHAND,Canada,31
UTTARAKHAND,U.S.A.,107
UTTARAKHAND,Australia,34
UTTARAKHAND,Fiji,0
HARYANA,Jammu & Kashmir,17700
HARYANA,Himachal Pradesh,60586
HARYANA,Punjab,538328
HARYANA,Chandigarh,71890
HARYANA,Uttarakhand,77179
HARYANA,Haryana,0
HARYANA,NCT of Delhi,468298
HARYANA,Rajasthan,611160
HARYANA,Uttar Pradesh,1113535
HARYANA,Bihar,390937
HARYANA,Sikkim,325
HARYANA,Arunachal Pradesh,387
HARYANA,Nagaland,487
HARYANA,Manipur,601
HARYANA,Mizoram,115
HARYANA,Tripura,1204
HARYANA,Meghalaya,481
HARYANA,Assam,14088
HARYANA,West Bengal,75893
HARYANA,Jharkhand,20853
HARYANA,Odisha,16280
HARYANA,Chhattisgarh,11813
HARYANA,Madhya Pradesh,56240
HARYANA,Gujarat,11250
HARYANA,Daman & Diu,32
HARYANA,Dadra & Nagar Haveli,20
HARYANA,Maharashtra,30907
HARYANA,Andhra Pradesh,10386
HARYANA,Karnataka,8084
HARYANA,Goa,571
HARYANA,Lakshadweep,230
HARYANA,Kerala,8302
HARYANA,Tamil Nadu,7724
HARYANA,Puducherry,233
HARYANA,Andaman & Nicobar Islands,199
HARYANA,Afganistan,565
HARYANA,Bangladesh,578
HARYANA,Bhutan,57
HARYANA,China,307
HARYANA,Indonesia,60
HARYANA,Iran,33
HARYANA,Iraq,21
HARYANA,Japan,195
HARYANA,Kuwait,98
HARYANA,Malaysia,49
HARYANA,Maldives,0
HARYANA,Mayanmar,78
HARYANA,Nepal,23701
HARYANA,Pakistan,108214
HARYANA,Saudi Arabia,111
HARYANA,Singapore,201
HARYANA,Sri Lanka,42
HARYANA,Turkey,4
HARYANA,United Arab Emirates,327
HARYANA,Kazakstan,0
HARYANA,Vietnam,0
HARYANA,Countries in Europe,4386
HARYANA,France,32
HARYANA,Germany,136
HARYANA,Portugal,13
HARYANA,UK,425
HARYANA,Kenya,30
HARYANA,Mauritius,13
HARYANA,Nigeria,40
HARYANA,Uganda,2
HARYANA,Zambia,12
HARYANA,Canada,207
HARYANA,U.S.A.,1174
HARYANA,Australia,216
HARYANA,Fiji,5
NCT OF DELHI,Jammu & Kashmir,40146
NCT OF DELHI,Himachal Pradesh,79272
NCT OF DELHI,Punjab,247966
NCT OF DELHI,Chandigarh,8328
NCT OF DELHI,Uttarakhand,294704
NCT OF DELHI,Haryana,666331
NCT OF DELHI,NCT of Delhi,0
NCT OF DELHI,Rajasthan,315238
NCT OF DELHI,Uttar Pradesh,2854297
NCT OF DELHI,Bihar,1106629
NCT OF DELHI,Sikkim,995
NCT OF DELHI,Arunachal Pradesh,1404
NCT OF DELHI,Nagaland,1921
NCT OF DELHI,Manipur,6164
NCT OF DELHI,Mizoram,678
NCT OF DELHI,Tripura,1490
NCT OF DELHI,Meghalaya,2569
NCT OF DELHI,Assam,26233
NCT OF DELHI,West Bengal,182356
NCT OF DELHI,Jharkhand,69196
NCT OF DELHI,Odisha,41162
NCT OF DELHI,Chhattisgarh,12634
NCT OF DELHI,Madhya Pradesh,134867
NCT OF DELHI,Gujarat,24153
NCT OF DELHI,Daman & Diu,38
NCT OF DELHI,Dadra & Nagar Haveli,91
NCT OF DELHI,Maharashtra,63692
NCT OF DELHI,Andhra Pradesh,23436
NCT OF DELHI,Karnataka,15386
NCT OF DELHI,Goa,1193
NCT OF DELHI,Lakshadweep,123
NCT OF DELHI,Kerala,60297
NCT OF DELHI,Tamil Nadu,45862
NCT OF DELHI,Puducherry,537
NCT OF DELHI,Andaman & Nicobar Islands,677
NCT OF DELHI,Afganistan,4607
NCT OF DELHI,Bangladesh,2329
NCT OF DELHI,Bhutan,154
NCT OF DELHI,China,118
NCT OF DELHI,Indonesia,68
NCT OF DELHI,Iran,224
NCT OF DELHI,Iraq,82
NCT OF DELHI,Japan,195
NCT OF DELHI,Kuwait,343
NCT OF DELHI,Malaysia,114
NCT OF DELHI,Maldives,22
NCT OF DELHI,Mayanmar,1023
NCT OF DELHI,Nepal,32716
NCT OF DELHI,Pakistan,117433
NCT OF DELHI,Saudi Arabia,504
NCT OF DELHI,Singapore,200
NCT OF DELHI,Sri Lanka,110
NCT OF DELHI,Turkey,22
NCT OF DELHI,United Arab Emirates,610
NCT OF DELHI,Kazakstan,17
NCT OF DELHI,Vietnam,25
NCT OF DELHI,Countries in Europe,3607
NCT OF DELHI,France,106
NCT OF DELHI,Germany,138
NCT OF DELHI,Portugal,15
NCT OF DELHI,UK,794
NCT OF DELHI,Kenya,85
NCT OF DELHI,Mauritius,25
NCT OF DELHI,Nigeria,192
NCT OF DELHI,Uganda,34
NCT OF DELHI,Zambia,17
NCT OF DELHI,Canada,212
NCT OF DELHI,U.S.A.,932
NCT OF DELHI,Australia,171
NCT OF DELHI,Fiji,21
RAJASTHAN,Jammu & Kashmir,19100
RAJASTHAN,Himachal Pradesh,11325
RAJASTHAN,Punjab,213308
RAJASTHAN,Chandigarh,1961
RAJASTHAN,Uttarakhand,23233
RAJASTHAN,Haryana,533963
RAJASTHAN,NCT of Delhi,83134
RAJASTHAN,Rajasthan,0
RAJASTHAN,Uttar Pradesh,585982
RAJASTHAN,Bihar,134402
RAJASTHAN,Sikkim,327
RAJASTHAN,Arunachal Pradesh,369
RAJASTHAN,Nagaland,789
RAJASTHAN,Manipur,753
RAJASTHAN,Mizoram,363
RAJASTHAN,Tripura,717
RAJASTHAN,Meghalaya,1226
RAJASTHAN,Assam,12936
RAJASTHAN,West Bengal,67695
RAJASTHAN,Jharkhand,13183
RAJASTHAN,Odisha,12991
RAJASTHAN,Chhattisgarh,7266
RAJASTHAN,Madhya Pradesh,554058
RAJASTHAN,Gujarat,200767
RAJASTHAN,Daman & Diu,72
RAJASTHAN,Dadra & Nagar Haveli,127
RAJASTHAN,Maharashtra,73366
RAJASTHAN,Andhra Pradesh,12193
RAJASTHAN,Karnataka,11697
RAJASTHAN,Goa,555
RAJASTHAN,Lakshadweep,961
RAJASTHAN,Kerala,16128
RAJASTHAN,Tamil Nadu,9042
RAJASTHAN,Puducherry,114
RAJASTHAN,Andaman & Nicobar Islands,195
RAJASTHAN,Afganistan,46
RAJASTHAN,Bangladesh,1439
RAJASTHAN,Bhutan,38
RAJASTHAN,China,44
RAJASTHAN,Indonesia,37
RAJASTHAN,Iran,36
RAJASTHAN,Iraq,106
RAJASTHAN,Japan,41
RAJASTHAN,Kuwait,833
RAJASTHAN,Malaysia,14
RAJASTHAN,Maldives,0
RAJASTHAN,Mayanmar,107
RAJASTHAN,Nepal,8180
RAJASTHAN,Pakistan,60670
RAJASTHAN,Saudi Arabia,938
RAJASTHAN,Singapore,29
RAJASTHAN,Sri Lanka,41
RAJASTHAN,Turkey,1
RAJASTHAN,United Arab Emirates,1305
RAJASTHAN,Kazakstan,1
RAJASTHAN,Vietnam,2
RAJASTHAN,Countries in Europe,8902
RAJASTHAN,France,16
RAJASTHAN,Germany,17
RAJASTHAN,Portugal,0
RAJASTHAN,UK,38
RAJASTHAN,Kenya,12
RAJASTHAN,Mauritius,0
RAJASTHAN,Nigeria,17
RAJASTHAN,Uganda,6
RAJASTHAN,Zambia,1
RAJASTHAN,Canada,47
RAJASTHAN,U.S.A.,134
RAJASTHAN,Australia,49
RAJASTHAN,Fiji,0
UTTAR PRADESH,Jammu & Kashmir,33008
UTTAR PRADESH,Himachal Pradesh,21072
UTTAR PRADESH,Punjab,142235
UTTAR PRADESH,Chandigarh,6028
UTTAR PRADESH,Uttarakhand,393540
UTTAR PRADESH,Haryana,230740
UTTAR PRADESH,NCT of Delhi,566210
UTTAR PRADESH,Rajasthan,284056
UTTAR PRADESH,Uttar Pradesh,0
UTTAR PRADESH,Bihar,1072739
UTTAR PRADESH,Sikkim,476
UTTAR PRADESH,Arunachal Pradesh,931
UTTAR PRADESH,Nagaland,868
UTTAR PRADESH,Manipur,1260
UTTAR PRADESH,Mizoram,281
UTTAR PRADESH,Tripura,698
UTTAR PRADESH,Meghalaya,1125
UTTAR PRADESH,Assam,30157
UTTAR PRADESH,West Bengal,234042
UTTAR PRADESH,Jharkhand,110358
UTTAR PRADESH,Odisha,35269
UTTAR PRADESH,Chhattisgarh,56676
UTTAR PRADESH,Madhya Pradesh,668537
UTTAR PRADESH,Gujarat,25459
UTTAR PRADESH,Daman & Diu,34
UTTAR PRADESH,Dadra & Nagar Haveli,375
UTTAR PRADESH,Maharashtra,88310
UTTAR PRADESH,Andhra Pradesh,16060
UTTAR PRADESH,Karnataka,10455
UTTAR PRADESH,Goa,929
UTTAR PRADESH,Lakshadweep,2812
UTTAR PRADESH,Kerala,17106
UTTAR PRADESH,Tamil Nadu,9458
UTTAR PRADESH,Puducherry,206
UTTAR PRADESH,Andaman & Nicobar Islands,423
UTTAR PRADESH,Afganistan,22
UTTAR PRADESH,Bangladesh,22353
UTTAR PRADESH,Bhutan,132
UTTAR PRADESH,China,59
UTTAR PRADESH,Indonesia,28
UTTAR PRADESH,Iran,89
UTTAR PRADESH,Iraq,42
UTTAR PRADESH,Japan,47
UTTAR PRADESH,Kuwait,109
UTTAR PRADESH,Malaysia,60
UTTAR PRADESH,Maldives,4
UTTAR PRADESH,Mayanmar,480
UTTAR PRADESH,Nepal,125074
UTTAR PRADESH,Pakistan,38023
UTTAR PRADESH,Saudi Arabia,913
UTTAR PRADESH,Singapore,120
UTTAR PRADESH,Sri Lanka,45
UTTAR PRADESH,Turkey,1
UTTAR PRADESH,United Arab Emirates,421
UTTAR PRADESH,Kazakstan,5
UTTAR PRADESH,Vietnam,9
UTTAR PRADESH,Countries in Europe,13156
UTTAR PRADESH,France,14
UTTAR PRADESH,Germany,39
UTTAR PRADESH,Portugal,0
UTTAR PRADESH,UK,190
UTTAR PRADESH,Kenya,12
UTTAR PRADESH,Mauritius,3
UTTAR PRADESH,Nigeria,18
UTTAR PRADESH,Uganda,1
UTTAR PRADESH,Zambia,8
UTTAR PRADESH,Canada,67
UTTAR PRADESH,U.S.A.,838
UTTAR PRADESH,Australia,69
UTTAR PRADESH,Fiji,2
BIHAR,Jammu & Kashmir,15594
BIHAR,Himachal Pradesh,8883
BIHAR,Punjab,7994
BIHAR,Chandigarh,404
BIHAR,Uttarakhand,1144
BIHAR,Haryana,3902
BIHAR,NCT of Delhi,23412
BIHAR,Rajasthan,8358
BIHAR,Uttar Pradesh,319887
BIHAR,Bihar,0
BIHAR,Sikkim,368
BIHAR,Arunachal Pradesh,395
BIHAR,Nagaland,797
BIHAR,Manipur,326
BIHAR,Mizoram,45
BIHAR,Tripura,185
BIHAR,Meghalaya,370
BIHAR,Assam,15221
BIHAR,West Bengal,227809
BIHAR,Jharkhand,433696
BIHAR,Odisha,6014
BIHAR,Chhattisgarh,2655
BIHAR,Madhya Pradesh,6067
BIHAR,Gujarat,4149
BIHAR,Daman & Diu,23
BIHAR,Dadra & Nagar Haveli,654
BIHAR,Maharashtra,13544
BIHAR,Andhra Pradesh,1760
BIHAR,Karnataka,1923
BIHAR,Goa,213
BIHAR,Lakshadweep,3249
BIHAR,Kerala,1432
BIHAR,Tamil Nadu,1293
BIHAR,Puducherry,150
BIHAR,Andaman & Nicobar Islands,38
BIHAR,Afganistan,372
BIHAR,Bangladesh,5850
BIHAR,Bhutan,893
BIHAR,China,3
BIHAR,Indonesia,39
BIHAR,Iran,5
BIHAR,Iraq,3
BIHAR,Japan,36
BIHAR,Kuwait,30
BIHAR,Malaysia,2
BIHAR,Maldives,1
BIHAR,Mayanmar,945
BIHAR,Nepal,260462
BIHAR,Pakistan,6680
BIHAR,Saudi Arabia,442
BIHAR,Singapore,83
BIHAR,Sri Lanka,12
BIHAR,Turkey,3
BIHAR,United Arab Emirates,99
BIHAR,Kazakstan,8
BIHAR,Vietnam,653
BIHAR,Countries in Europe,16617
BIHAR,France,2
BIHAR,Germany,2
BIHAR,Portugal,0
BIHAR,UK,31
BIHAR,Kenya,34
BIHAR,Mauritius,4
BIHAR,Nigeria,0
BIHAR,Uganda,2
BIHAR,Zambia,92
BIHAR,Canada,3
BIHAR,U.S.A.,103
BIHAR,Australia,445
BIHAR,Fiji,3
SIKKIM,Jammu & Kashmir,974
SIKKIM,Himachal Pradesh,431
SIKKIM,Punjab,319
SIKKIM,Chandigarh,36
SIKKIM,Uttarakhand,359
SIKKIM,Haryana,661
SIKKIM,NCT of Delhi,481
SIKKIM,Rajasthan,675
SIKKIM,Uttar Pradesh,2280
SIKKIM,Bihar,13282
SIKKIM,Sikkim,0
SIKKIM,Arunachal Pradesh,515
SIKKIM,Nagaland,225
SIKKIM,Manipur,732
SIKKIM,Mizoram,53
SIKKIM,Tripura,92
SIKKIM,Meghalaya,356
SIKKIM,Assam,2621
SIKKIM,West Bengal,33158
SIKKIM,Jharkhand,1267
SIKKIM,Odisha,602
SIKKIM,Chhattisgarh,53
SIKKIM,Madhya Pradesh,459
SIKKIM,Gujarat,110
SIKKIM,Daman & Diu,27
SIKKIM,Dadra & Nagar Haveli,4
SIKKIM,Maharashtra,277
SIKKIM,Andhra Pradesh,423
SIKKIM,Karnataka,191
SIKKIM,Goa,29
SIKKIM,Lakshadweep,2
SIKKIM,Kerala,227
SIKKIM,Tamil Nadu,156
SIKKIM,Puducherry,2
SIKKIM,Andaman & Nicobar Islands,84
SIKKIM,Afganistan,0
SIKKIM,Bangladesh,14
SIKKIM,Bhutan,1228
SIKKIM,China,248
SIKKIM,Indonesia,0
SIKKIM,Iran,0
SIKKIM,Iraq,0
SIKKIM,Japan,2
SIKKIM,Kuwait,0
SIKKIM,Malaysia,6
SIKKIM,Maldives,0
SIKKIM,Mayanmar,0
SIKKIM,Nepal,15704
SIKKIM,Pakistan,7
SIKKIM,Saudi Arabia,0
SIKKIM,Singapore,9
SIKKIM,Sri Lanka,1
SIKKIM,Turkey,0
SIKKIM,United Arab Emirates,2
SIKKIM,Kazakstan,0
SIKKIM,Vietnam,0
SIKKIM,Countries in Europe,51
SIKKIM,France,0
SIKKIM,Germany,3
SIKKIM,Portugal,0
SIKKIM,UK,4
SIKKIM,Kenya,0
SIKKIM,Mauritius,0
SIKKIM,Nigeria,0
SIKKIM,Uganda,0
SIKKIM,Zambia,0
SIKKIM,Canada,0
SIKKIM,U.S.A.,10
SIKKIM,Australia,0
SIKKIM,Fiji,0
ARUNACHAL PRADESH,Jammu & Kashmir,369
ARUNACHAL PRADESH,Himachal Pradesh,305
ARUNACHAL PRADESH,Punjab,395
ARUNACHAL PRADESH,Chandigarh,11
ARUNACHAL PRADESH,Uttarakhand,450
ARUNACHAL PRADESH,Haryana,527
ARUNACHAL PRADESH,NCT of Delhi,311
ARUNACHAL PRADESH,Rajasthan,1498
ARUNACHAL PRADESH,Uttar Pradesh,6054
ARUNACHAL PRADESH,Bihar,18811
ARUNACHAL PRADESH,Sikkim,234
ARUNACHAL PRADESH,Arunachal Pradesh,0
ARUNACHAL PRADESH,Nagaland,1218
ARUNACHAL PRADESH,Manipur,1465
ARUNACHAL PRADESH,Mizoram,298
ARUNACHAL PRADESH,Tripura,855
ARUNACHAL PRADESH,Meghalaya,1143
ARUNACHAL PRADESH,Assam,88963
ARUNACHAL PRADESH,West Bengal,6966
ARUNACHAL PRADESH,Jharkhand,1308
ARUNACHAL PRADESH,Odisha,1613
ARUNACHAL PRADESH,Chhattisgarh,138
ARUNACHAL PRADESH,Madhya Pradesh,252
ARUNACHAL PRADESH,Gujarat,94
ARUNACHAL PRADESH,Daman & Diu,0
ARUNACHAL PRADESH,Dadra & Nagar Haveli,1
ARUNACHAL PRADESH,Maharashtra,421
ARUNACHAL PRADESH,Andhra Pradesh,383
ARUNACHAL PRADESH,Karnataka,191
ARUNACHAL PRADESH,Goa,22
ARUNACHAL PRADESH,Lakshadweep,4
ARUNACHAL PRADESH,Kerala,1397
ARUNACHAL PRADESH,Tamil Nadu,305
ARUNACHAL PRADESH,Puducherry,6
ARUNACHAL PRADESH,Andaman & Nicobar Islands,2
ARUNACHAL PRADESH,Afganistan,0
ARUNACHAL PRADESH,Bangladesh,4022
ARUNACHAL PRADESH,Bhutan,253
ARUNACHAL PRADESH,China,229
ARUNACHAL PRADESH,Indonesia,0
ARUNACHAL PRADESH,Iran,0
ARUNACHAL PRADESH,Iraq,0
ARUNACHAL PRADESH,Japan,0
ARUNACHAL PRADESH,Kuwait,0
ARUNACHAL PRADESH,Malaysia,0
ARUNACHAL PRADESH,Maldives,0
ARUNACHAL PRADESH,Mayanmar,308
ARUNACHAL PRADESH,Nepal,5216
ARUNACHAL PRADESH,Pakistan,147
ARUNACHAL PRADESH,Saudi Arabia,0
ARUNACHAL PRADESH,Singapore,1
ARUNACHAL PRADESH,Sri Lanka,0
ARUNACHAL PRADESH,Turkey,0
ARUNACHAL PRADESH,United Arab Emirates,0
ARUNACHAL PRADESH,Kazakstan,0
ARUNACHAL PRADESH,Vietnam,0
ARUNACHAL PRADESH,Countries in Europe,56
ARUNACHAL PRADESH,France,0
ARUNACHAL PRADESH,Germany,0
ARUNACHAL PRADESH,Portugal,0
ARUNACHAL PRADESH,UK,7
ARUNACHAL PRADESH,Kenya,0
ARUNACHAL PRADESH,Mauritius,0
ARUNACHAL PRADESH,Nigeria,0
ARUNACHAL PRADESH,Uganda,0
ARUNACHAL PRADESH,Zambia,0
ARUNACHAL PRADESH,Canada,0
ARUNACHAL PRADESH,U.S.A.,1
ARUNACHAL PRADESH,Australia,0
ARUNACHAL PRADESH,Fiji,0
NAGALAND,Jammu & Kashmir,375
NAGALAND,Himachal Pradesh,309
NAGALAND,Punjab,470
NAGALAND,Chandigarh,42
NAGALAND,Uttarakhand,751
NAGALAND,Haryana,442
NAGALAND,NCT of Delhi,10
NAGALAND,Rajasthan,2480
NAGALAND,Uttar Pradesh,4076
NAGALAND,Bihar,17539
NAGALAND,Sikkim,145
NAGALAND,Arunachal Pradesh,900
NAGALAND,Nagaland,0
NAGALAND,Manipur,14093
NAGALAND,Mizoram,386
NAGALAND,Tripura,2923
NAGALAND,Meghalaya,1792
NAGALAND,Assam,51397
NAGALAND,West Bengal,3746
NAGALAND,Jharkhand,1283
NAGALAND,Odisha,1236
NAGALAND,Chhattisgarh,138
NAGALAND,Madhya Pradesh,294
NAGALAND,Gujarat,103
NAGALAND,Daman & Diu,0
NAGALAND,Dadra & Nagar Haveli,11
NAGALAND,Maharashtra,498
NAGALAND,Andhra Pradesh,407
NAGALAND,Karnataka,540
NAGALAND,Goa,21
NAGALAND,Lakshadweep,6
NAGALAND,Kerala,1165
NAGALAND,Tamil Nadu,412
NAGALAND,Puducherry,15
NAGALAND,Andaman & Nicobar Islands,15
NAGALAND,Afganistan,0
NAGALAND,Bangladesh,132
NAGALAND,Bhutan,25
NAGALAND,China,6
NAGALAND,Indonesia,0
NAGALAND,Iran,0
NAGALAND,Iraq,0
NAGALAND,Japan,1
NAGALAND,Kuwait,0
NAGALAND,Malaysia,1
NAGALAND,Maldives,1
NAGALAND,Mayanmar,312
NAGALAND,Nepal,4689
NAGALAND,Pakistan,18
NAGALAND,Saudi Arabia,0
NAGALAND,Singapore,6
NAGALAND,Sri Lanka,0
NAGALAND,Turkey,0
NAGALAND,United Arab Emirates,3
NAGALAND,Kazakstan,0
NAGALAND,Vietnam,0
NAGALAND,Countries in Europe,120
NAGALAND,France,3
NAGALAND,Germany,1
NAGALAND,Portugal,0
NAGALAND,UK,18
NAGALAND,Kenya,0
NAGALAND,Mauritius,0
NAGALAND,Nigeria,0
NAGALAND,Uganda,0
NAGALAND,Zambia,0
NAGALAND,Canada,1
NAGALAND,U.S.A.,24
NAGALAND,Australia,1
NAGALAND,Fiji,0
MANIPUR,Jammu & Kashmir,218
MANIPUR,Himachal Pradesh,136
MANIPUR,Punjab,102
MANIPUR,Chandigarh,11
MANIPUR,Uttarakhand,81
MANIPUR,Haryana,110
MANIPUR,NCT of Delhi,652
MANIPUR,Rajasthan,706
MANIPUR,Uttar Pradesh,853
MANIPUR,Bihar,2983
MANIPUR,Sikkim,288
MANIPUR,Arunachal Pradesh,114
MANIPUR,Nagaland,1589
MANIPUR,Manipur,0
MANIPUR,Mizoram,1041
MANIPUR,Tripura,766
MANIPUR,Meghalaya,770
MANIPUR,Assam,7720
MANIPUR,West Bengal,638
MANIPUR,Jharkhand,93
MANIPUR,Odisha,87
MANIPUR,Chhattisgarh,10
MANIPUR,Madhya Pradesh,139
MANIPUR,Gujarat,40
MANIPUR,Daman & Diu,0
MANIPUR,Dadra & Nagar Haveli,1
MANIPUR,Maharashtra,286
MANIPUR,Andhra Pradesh,71
MANIPUR,Karnataka,182
MANIPUR,Goa,14
MANIPUR,Lakshadweep,45
MANIPUR,Kerala,118
MANIPUR,Tamil Nadu,203
MANIPUR,Puducherry,0
MANIPUR,Andaman & Nicobar Islands,33
MANIPUR,Afganistan,0
MANIPUR,Bangladesh,407
MANIPUR,Bhutan,5
MANIPUR,China,3
MANIPUR,Indonesia,1
MANIPUR,Iran,0
MANIPUR,Iraq,0
MANIPUR,Japan,1
MANIPUR,Kuwait,0
MANIPUR,Malaysia,0
MANIPUR,Maldives,0
MANIPUR,Mayanmar,254
MANIPUR,Nepal,564
MANIPUR,Pakistan,4
MANIPUR,Saudi Arabia,3
MANIPUR,Singapore,1
MANIPUR,Sri Lanka,0
MANIPUR,Turkey,0
MANIPUR,United Arab Emirates,2
MANIPUR,Kazakstan,0
MANIPUR,Vietnam,0
MANIPUR,Countries in Europe,157
MANIPUR,France,1
MANIPUR,Germany,1
MANIPUR,Portugal,0
MANIPUR,UK,5
MANIPUR,Kenya,0
MANIPUR,Mauritius,0
MANIPUR,Nigeria,0
MANIPUR,Uganda,0
MANIPUR,Zambia,0
MANIPUR,Canada,0
MANIPUR,U.S.A.,5
MANIPUR,Australia,0
MANIPUR,Fiji,0
MIZORAM,Jammu & Kashmir,113
MIZORAM,Himachal Pradesh,34
MIZORAM,Punjab,106
MIZORAM,Chandigarh,8
MIZORAM,Uttarakhand,142
MIZORAM,Haryana,83
MIZORAM,NCT of Delhi,188
MIZORAM,Rajasthan,104
MIZORAM,Uttar Pradesh,477
MIZORAM,Bihar,1404
MIZORAM,Sikkim,43
MIZORAM,Arunachal Pradesh,195
MIZORAM,Nagaland,541
MIZORAM,Manipur,12241
MIZORAM,Mizoram,0
MIZORAM,Tripura,5606
MIZORAM,Meghalaya,2378
MIZORAM,Assam,15056
MIZORAM,West Bengal,646
MIZORAM,Jharkhand,1149
MIZORAM,Odisha,65
MIZORAM,Chhattisgarh,16
MIZORAM,Madhya Pradesh,73
MIZORAM,Gujarat,13
MIZORAM,Daman & Diu,0
MIZORAM,Dadra & Nagar Haveli,0
MIZORAM,Maharashtra,125
MIZORAM,Andhra Pradesh,92
MIZORAM,Karnataka,90
MIZORAM,Goa,7
MIZORAM,Lakshadweep,4
MIZORAM,Kerala,269
MIZORAM,Tamil Nadu,107
MIZORAM,Puducherry,3
MIZORAM,Andaman & Nicobar Islands,2
MIZORAM,Afganistan,0
MIZORAM,Bangladesh,799
MIZORAM,Bhutan,7
MIZORAM,China,3
MIZORAM,Indonesia,0
MIZORAM,Iran,0
MIZORAM,Iraq,0
MIZORAM,Japan,2
MIZORAM,Kuwait,1
MIZORAM,Malaysia,0
MIZORAM,Maldives,0
MIZORAM,Mayanmar,11575
MIZORAM,Nepal,990
MIZORAM,Pakistan,1
MIZORAM,Saudi Arabia,0
MIZORAM,Singapore,0
MIZORAM,Sri Lanka,0
MIZORAM,Turkey,0
MIZORAM,United Arab Emirates,2
MIZORAM,Kazakstan,0
MIZORAM,Vietnam,0
MIZORAM,Countries in Europe,31
MIZORAM,France,0
MIZORAM,Germany,0
MIZORAM,Portugal,0
MIZORAM,UK,12
MIZORAM,Kenya,0
MIZORAM,Mauritius,0
MIZORAM,Nigeria,0
MIZORAM,Uganda,0
MIZORAM,Zambia,0
MIZORAM,Canada,0
MIZORAM,U.S.A.,4
MIZORAM,Australia,2
MIZORAM,Fiji,0
TRIPURA,Jammu & Kashmir,328
TRIPURA,Himachal Pradesh,88
TRIPURA,Punjab,108
TRIPURA,Chandigarh,14
TRIPURA,Uttarakhand,141
TRIPURA,Haryana,116
TRIPURA,NCT of Delhi,250
TRIPURA,Rajasthan,495
TRIPURA,Uttar Pradesh,1518
TRIPURA,Bihar,12063
TRIPURA,Sikkim,18
TRIPURA,Arunachal Pradesh,337
TRIPURA,Nagaland,751
TRIPURA,Manipur,613
TRIPURA,Mizoram,18411
TRIPURA,Tripura,0
TRIPURA,Meghalaya,1309
TRIPURA,Assam,29423
TRIPURA,West Bengal,5349
TRIPURA,Jharkhand,14203
TRIPURA,Odisha,303
TRIPURA,Chhattisgarh,52
TRIPURA,Madhya Pradesh,161
TRIPURA,Gujarat,150
TRIPURA,Daman & Diu,0
TRIPURA,Dadra & Nagar Haveli,10
TRIPURA,Maharashtra,260
TRIPURA,Andhra Pradesh,167
TRIPURA,Karnataka,131
TRIPURA,Goa,7
TRIPURA,Lakshadweep,16
TRIPURA,Kerala,156
TRIPURA,Tamil Nadu,407
TRIPURA,Puducherry,16
TRIPURA,Andaman & Nicobar Islands,7
TRIPURA,Afganistan,0
TRIPURA,Bangladesh,215400
TRIPURA,Bhutan,5
TRIPURA,China,0
TRIPURA,Indonesia,1
TRIPURA,Iran,0
TRIPURA,Iraq,0
TRIPURA,Japan,0
TRIPURA,Kuwait,0
TRIPURA,Malaysia,6
TRIPURA,Maldives,0
TRIPURA,Mayanmar,52
TRIPURA,Nepal,157
TRIPURA,Pakistan,440
TRIPURA,Saudi Arabia,2
TRIPURA,Singapore,0
TRIPURA,Sri Lanka,1
TRIPURA,Turkey,0
TRIPURA,United Arab Emirates,1
TRIPURA,Kazakstan,0
TRIPURA,Vietnam,0
TRIPURA,Countries in Europe,63
TRIPURA,France,0
TRIPURA,Germany,0
TRIPURA,Portugal,0
TRIPURA,UK,6
TRIPURA,Kenya,0
TRIPURA,Mauritius,0
TRIPURA,Nigeria,0
TRIPURA,Uganda,0
TRIPURA,Zambia,0
TRIPURA,Canada,1
TRIPURA,U.S.A.,4
TRIPURA,Australia,0
TRIPURA,Fiji,0
MEGHALAYA,Jammu & Kashmir,601
MEGHALAYA,Himachal Pradesh,294
MEGHALAYA,Punjab,986
MEGHALAYA,Chandigarh,49
MEGHALAYA,Uttarakhand,1191
MEGHALAYA,Haryana,494
MEGHALAYA,NCT of Delhi,2
MEGHALAYA,Rajasthan,1901
MEGHALAYA,Uttar Pradesh,3098
MEGHALAYA,Bihar,14112
MEGHALAYA,Sikkim,145
MEGHALAYA,Arunachal Pradesh,1024
MEGHALAYA,Nagaland,1752
MEGHALAYA,Manipur,6336
MEGHALAYA,Mizoram,2127
MEGHALAYA,Tripura,2868
MEGHALAYA,Meghalaya,0
MEGHALAYA,Assam,61022
MEGHALAYA,West Bengal,5492
MEGHALAYA,Jharkhand,544
MEGHALAYA,Odisha,525
MEGHALAYA,Chhattisgarh,62
MEGHALAYA,Madhya Pradesh,405
MEGHALAYA,Gujarat,216
MEGHALAYA,Daman & Diu,0
MEGHALAYA,Dadra & Nagar Haveli,16
MEGHALAYA,Maharashtra,635
MEGHALAYA,Andhra Pradesh,384
MEGHALAYA,Karnataka,450
MEGHALAYA,Goa,19
MEGHALAYA,Lakshadweep,1
MEGHALAYA,Kerala,810
MEGHALAYA,Tamil Nadu,343
MEGHALAYA,Puducherry,8
MEGHALAYA,Andaman & Nicobar Islands,3
MEGHALAYA,Afganistan,1
MEGHALAYA,Bangladesh,2331
MEGHALAYA,Bhutan,79
MEGHALAYA,China,57
MEGHALAYA,Indonesia,0
MEGHALAYA,Iran,0
MEGHALAYA,Iraq,0
MEGHALAYA,Japan,7
MEGHALAYA,Kuwait,1
MEGHALAYA,Malaysia,0
MEGHALAYA,Maldives,0
MEGHALAYA,Mayanmar,13
MEGHALAYA,Nepal,3577
MEGHALAYA,Pakistan,122
MEGHALAYA,Saudi Arabia,0
MEGHALAYA,Singapore,4
MEGHALAYA,Sri Lanka,0
MEGHALAYA,Turkey,0
MEGHALAYA,United Arab Emirates,0
MEGHALAYA,Kazakstan,0
MEGHALAYA,Vietnam,0
MEGHALAYA,Countries in Europe,43
MEGHALAYA,France,0
MEGHALAYA,Germany,6
MEGHALAYA,Portugal,0
MEGHALAYA,UK,5
MEGHALAYA,Kenya,0
MEGHALAYA,Mauritius,0
MEGHALAYA,Nigeria,0
MEGHALAYA,Uganda,0
MEGHALAYA,Zambia,0
MEGHALAYA,Canada,2
MEGHALAYA,U.S.A.,11
MEGHALAYA,Australia,2
MEGHALAYA,Fiji,0
ASSAM,Jammu & Kashmir,3831
ASSAM,Himachal Pradesh,1827
ASSAM,Punjab,3617
ASSAM,Chandigarh,258
ASSAM,Uttarakhand,1194
ASSAM,Haryana,3225
ASSAM,NCT of Delhi,3040
ASSAM,Rajasthan,27778
ASSAM,Uttar Pradesh,35441
ASSAM,Bihar,147742
ASSAM,Sikkim,1077
ASSAM,Arunachal Pradesh,19486
ASSAM,Nagaland,23707
ASSAM,Manipur,12203
ASSAM,Mizoram,3157
ASSAM,Tripura,39906
ASSAM,Meghalaya,40755
ASSAM,Assam,0
ASSAM,West Bengal,94724
ASSAM,Jharkhand,11139
ASSAM,Odisha,5153
ASSAM,Chhattisgarh,1162
ASSAM,Madhya Pradesh,2478
ASSAM,Gujarat,1271
ASSAM,Daman & Diu,3
ASSAM,Dadra & Nagar Haveli,20
ASSAM,Maharashtra,2557
ASSAM,Andhra Pradesh,4732
ASSAM,Karnataka,991
ASSAM,Goa,52
ASSAM,Lakshadweep,423
ASSAM,Kerala,1437
ASSAM,Tamil Nadu,1193
ASSAM,Puducherry,27
ASSAM,Andaman & Nicobar Islands,93
ASSAM,Afganistan,98
ASSAM,Bangladesh,64137
ASSAM,Bhutan,453
ASSAM,China,7
ASSAM,Indonesia,2
ASSAM,Iran,2
ASSAM,Iraq,2
ASSAM,Japan,5
ASSAM,Kuwait,2
ASSAM,Malaysia,2
ASSAM,Maldives,0
ASSAM,Mayanmar,278
ASSAM,Nepal,8754
ASSAM,Pakistan,3722
ASSAM,Saudi Arabia,1
ASSAM,Singapore,12
ASSAM,Sri Lanka,1
ASSAM,Turkey,0
ASSAM,United Arab Emirates,38
ASSAM,Kazakstan,0
ASSAM,Vietnam,0
ASSAM,Countries in Europe,773
ASSAM,France,0
ASSAM,Germany,4
ASSAM,Portugal,0
ASSAM,UK,57
ASSAM,Kenya,1
ASSAM,Mauritius,0
ASSAM,Nigeria,0
ASSAM,Uganda,0
ASSAM,Zambia,1
ASSAM,Canada,4
ASSAM,U.S.A.,38
ASSAM,Australia,10
ASSAM,Fiji,0
WEST BENGAL,Jammu & Kashmir,5846
WEST BENGAL,Himachal Pradesh,2911
WEST BENGAL,Punjab,18154
WEST BENGAL,Chandigarh,869
WEST BENGAL,Uttarakhand,3599
WEST BENGAL,Haryana,11259
WEST BENGAL,NCT of Delhi,15815
WEST BENGAL,Rajasthan,57668
WEST BENGAL,Uttar Pradesh,238819
WEST BENGAL,Bihar,1103757
WEST BENGAL,Sikkim,11537
WEST BENGAL,Arunachal Pradesh,2322
WEST BENGAL,Nagaland,3170
WEST BENGAL,Manipur,2651
WEST BENGAL,Mizoram,544
WEST BENGAL,Tripura,20497
WEST BENGAL,Meghalaya,7000
WEST BENGAL,Assam,166400
WEST BENGAL,West Bengal,0
WEST BENGAL,Jharkhand,459436
WEST BENGAL,Odisha,142179
WEST BENGAL,Chhattisgarh,8071
WEST BENGAL,Madhya Pradesh,15815
WEST BENGAL,Gujarat,14563
WEST BENGAL,Daman & Diu,22
WEST BENGAL,Dadra & Nagar Haveli,403
WEST BENGAL,Maharashtra,27648
WEST BENGAL,Andhra Pradesh,16707
WEST BENGAL,Karnataka,5536
WEST BENGAL,Goa,484
WEST BENGAL,Lakshadweep,311
WEST BENGAL,Kerala,7149
WEST BENGAL,Tamil Nadu,7932
WEST BENGAL,Puducherry,251
WEST BENGAL,Andaman & Nicobar Islands,1720
WEST BENGAL,Afganistan,137
WEST BENGAL,Bangladesh,1896555
WEST BENGAL,Bhutan,3307
WEST BENGAL,China,210
WEST BENGAL,Indonesia,16
WEST BENGAL,Iran,18
WEST BENGAL,Iraq,16
WEST BENGAL,Japan,42
WEST BENGAL,Kuwait,29
WEST BENGAL,Malaysia,51
WEST BENGAL,Maldives,5
WEST BENGAL,Mayanmar,1542
WEST BENGAL,Nepal,28927
WEST BENGAL,Pakistan,6913
WEST BENGAL,Saudi Arabia,107
WEST BENGAL,Singapore,83
WEST BENGAL,Sri Lanka,50
WEST BENGAL,Turkey,0
WEST BENGAL,United Arab Emirates,209
WEST BENGAL,Kazakstan,2
WEST BENGAL,Vietnam,4
WEST BENGAL,Countries in Europe,4671
WEST BENGAL,France,27
WEST BENGAL,Germany,67
WEST BENGAL,Portugal,4
WEST BENGAL,UK,517
WEST BENGAL,Kenya,8
WEST BENGAL,Mauritius,2
WEST BENGAL,Nigeria,31
WEST BENGAL,Uganda,2
WEST BENGAL,Zambia,1
WEST BENGAL,Canada,53
WEST BENGAL,U.S.A.,809
WEST BENGAL,Australia,60
WEST BENGAL,Fiji,1
JHARKHAND,Jammu & Kashmir,1677
JHARKHAND,Himachal Pradesh,1345
JHARKHAND,Punjab,10387
JHARKHAND,Chandigarh,244
JHARKHAND,Uttarakhand,1396
JHARKHAND,Haryana,3729
JHARKHAND,NCT of Delhi,7643
JHARKHAND,Rajasthan,10240
JHARKHAND,Uttar Pradesh,107724
JHARKHAND,Bihar,1336048
JHARKHAND,Sikkim,125
JHARKHAND,Arunachal Pradesh,185
JHARKHAND,Nagaland,198
JHARKHAND,Manipur,372
JHARKHAND,Mizoram,134
JHARKHAND,Tripura,408
JHARKHAND,Meghalaya,329
JHARKHAND,Assam,4940
JHARKHAND,West Bengal,494609
JHARKHAND,Jharkhand,0
JHARKHAND,Odisha,126320
JHARKHAND,Chhattisgarh,42750
JHARKHAND,Madhya Pradesh,10885
JHARKHAND,Gujarat,5268
JHARKHAND,Daman & Diu,5
JHARKHAND,Dadra & Nagar Haveli,16
JHARKHAND,Maharashtra,9727
JHARKHAND,Andhra Pradesh,8661
JHARKHAND,Karnataka,2159
JHARKHAND,Goa,274
JHARKHAND,Lakshadweep,97
JHARKHAND,Kerala,3905
JHARKHAND,Tamil Nadu,3373
JHARKHAND,Puducherry,83
JHARKHAND,Andaman & Nicobar Islands,265
JHARKHAND,Afganistan,70
JHARKHAND,Bangladesh,3659
JHARKHAND,Bhutan,518
JHARKHAND,China,1312
JHARKHAND,Indonesia,7
JHARKHAND,Iran,4
JHARKHAND,Iraq,2
JHARKHAND,Japan,14
JHARKHAND,Kuwait,13
JHARKHAND,Malaysia,12
JHARKHAND,Maldives,0
JHARKHAND,Mayanmar,135
JHARKHAND,Nepal,4105
JHARKHAND,Pakistan,1516
JHARKHAND,Saudi Arabia,87
JHARKHAND,Singapore,32
JHARKHAND,Sri Lanka,4
JHARKHAND,Turkey,0
JHARKHAND,United Arab Emirates,68
JHARKHAND,Kazakstan,2
JHARKHAND,Vietnam,138
JHARKHAND,Countries in Europe,1787
JHARKHAND,France,3
JHARKHAND,Germany,14
JHARKHAND,Portugal,0
JHARKHAND,UK,62
JHARKHAND,Kenya,36
JHARKHAND,Mauritius,0
JHARKHAND,Nigeria,5
JHARKHAND,Uganda,0
JHARKHAND,Zambia,21
JHARKHAND,Canada,10
JHARKHAND,U.S.A.,147
JHARKHAND,Australia,95
JHARKHAND,Fiji,2
ODISHA,Jammu & Kashmir,8277
ODISHA,Himachal Pradesh,1042
ODISHA,Punjab,6832
ODISHA,Chandigarh,291
ODISHA,Uttarakhand,931
ODISHA,Haryana,5206
ODISHA,NCT of Delhi,8006
ODISHA,Rajasthan,12203
ODISHA,Uttar Pradesh,33063
ODISHA,Bihar,119231
ODISHA,Sikkim,143
ODISHA,Arunachal Pradesh,581
ODISHA,Nagaland,486
ODISHA,Manipur,334
ODISHA,Mizoram,52
ODISHA,Tripura,465
ODISHA,Meghalaya,275
ODISHA,Assam,4732
ODISHA,West Bengal,164699
ODISHA,Jharkhand,167377
ODISHA,Odisha,0
ODISHA,Chhattisgarh,129371
ODISHA,Madhya Pradesh,12725
ODISHA,Gujarat,24420
ODISHA,Daman & Diu,11
ODISHA,Dadra & Nagar Haveli,75
ODISHA,Maharashtra,14902
ODISHA,Andhra Pradesh,122491
ODISHA,Karnataka,4829
ODISHA,Goa,400
ODISHA,Lakshadweep,232
ODISHA,Kerala,4763
ODISHA,Tamil Nadu,6256
ODISHA,Puducherry,149
ODISHA,Andaman & Nicobar Islands,246
ODISHA,Afganistan,12
ODISHA,Bangladesh,23824
ODISHA,Bhutan,53
ODISHA,China,165
ODISHA,Indonesia,5
ODISHA,Iran,11
ODISHA,Iraq,18
ODISHA,Japan,18
ODISHA,Kuwait,11
ODISHA,Malaysia,20
ODISHA,Maldives,4
ODISHA,Mayanmar,161
ODISHA,Nepal,2993
ODISHA,Pakistan,1114
ODISHA,Saudi Arabia,64
ODISHA,Singapore,14
ODISHA,Sri Lanka,26
ODISHA,Turkey,4
ODISHA,United Arab Emirates,53
ODISHA,Kazakstan,0
ODISHA,Vietnam,0
ODISHA,Countries in Europe,622
ODISHA,France,5
ODISHA,Germany,14
ODISHA,Portugal,0
ODISHA,UK,29
ODISHA,Kenya,9
ODISHA,Mauritius,0
ODISHA,Nigeria,8
ODISHA,Uganda,2
ODISHA,Zambia,0
ODISHA,Canada,4
ODISHA,U.S.A.,254
ODISHA,Australia,20
ODISHA,Fiji,1
CHHATTISGARH,Jammu & Kashmir,8321
CHHATTISGARH,Himachal Pradesh,2567
CHHATTISGARH,Punjab,17217
CHHATTISGARH,Chandigarh,310
CHHATTISGARH,Uttarakhand,2509
CHHATTISGARH,Haryana,12807
CHHATTISGARH,NCT of Delhi,9266
CHHATTISGARH,Rajasthan,21188
CHHATTISGARH,Uttar Pradesh,168385
CHHATTISGARH,Bihar,143216
CHHATTISGARH,Sikkim,68
CHHATTISGARH,Arunachal Pradesh,166
CHHATTISGARH,Nagaland,136
CHHATTISGARH,Manipur,81
CHHATTISGARH,Mizoram,30
CHHATTISGARH,Tripura,237
CHHATTISGARH,Meghalaya,107
CHHATTISGARH,Assam,3888
CHHATTISGARH,West Bengal,53766
CHHATTISGARH,Jharkhand,111325
CHHATTISGARH,Odisha,242404
CHHATTISGARH,Chhattisgarh,0
CHHATTISGARH,Madhya Pradesh,276527
CHHATTISGARH,Gujarat,13704
CHHATTISGARH,Daman & Diu,32
CHHATTISGARH,Dadra & Nagar Haveli,14
CHHATTISGARH,Maharashtra,117487
CHHATTISGARH,Andhra Pradesh,42362
CHHATTISGARH,Karnataka,2752
CHHATTISGARH,Goa,177
CHHATTISGARH,Lakshadweep,648
CHHATTISGARH,Kerala,10747
CHHATTISGARH,Tamil Nadu,4879
CHHATTISGARH,Puducherry,33
CHHATTISGARH,Andaman & Nicobar Islands,312
CHHATTISGARH,Afganistan,80
CHHATTISGARH,Bangladesh,15365
CHHATTISGARH,Bhutan,57
CHHATTISGARH,China,632
CHHATTISGARH,Indonesia,7
CHHATTISGARH,Iran,4
CHHATTISGARH,Iraq,2
CHHATTISGARH,Japan,8
CHHATTISGARH,Kuwait,17
CHHATTISGARH,Malaysia,4
CHHATTISGARH,Maldives,0
CHHATTISGARH,Mayanmar,47
CHHATTISGARH,Nepal,1873
CHHATTISGARH,Pakistan,6961
CHHATTISGARH,Saudi Arabia,58
CHHATTISGARH,Singapore,9
CHHATTISGARH,Sri Lanka,11
CHHATTISGARH,Turkey,4
CHHATTISGARH,United Arab Emirates,14
CHHATTISGARH,Kazakstan,8
CHHATTISGARH,Vietnam,5
CHHATTISGARH,Countries in Europe,441
CHHATTISGARH,France,1
CHHATTISGARH,Germany,0
CHHATTISGARH,Portugal,2
CHHATTISGARH,UK,7
CHHATTISGARH,Kenya,27
CHHATTISGARH,Mauritius,4
CHHATTISGARH,Nigeria,5
CHHATTISGARH,Uganda,0
CHHATTISGARH,Zambia,32
CHHATTISGARH,Canada,1
CHHATTISGARH,U.S.A.,43
CHHATTISGARH,Australia,6
CHHATTISGARH,Fiji,1
MADHYA PRADESH,Jammu & Kashmir,12100
MADHYA PRADESH,Himachal Pradesh,5894
MADHYA PRADESH,Punjab,31895
MADHYA PRADESH,Chandigarh,695
MADHYA PRADESH,Uttarakhand,12253
MADHYA PRADESH,Haryana,19224
MADHYA PRADESH,NCT of Delhi,28597
MADHYA PRADESH,Rajasthan,500481
MADHYA PRADESH,Uttar Pradesh,1090881
MADHYA PRADESH,Bihar,125836
MADHYA PRADESH,Sikkim,210
MADHYA PRADESH,Arunachal Pradesh,305
MADHYA PRADESH,Nagaland,278
MADHYA PRADESH,Manipur,566
MADHYA PRADESH,Mizoram,265
MADHYA PRADESH,Tripura,446
MADHYA PRADESH,Meghalaya,417
MADHYA PRADESH,Assam,4901
MADHYA PRADESH,West Bengal,46207
MADHYA PRADESH,Jharkhand,30272
MADHYA PRADESH,Odisha,24038
MADHYA PRADESH,Chhattisgarh,167340
MADHYA PRADESH,Madhya Pradesh,0
MADHYA PRADESH,Gujarat,88702
MADHYA PRADESH,Daman & Diu,287
MADHYA PRADESH,Dadra & Nagar Haveli,60
MADHYA PRADESH,Maharashtra,494312
MADHYA PRADESH,Andhra Pradesh,17375
MADHYA PRADESH,Karnataka,7048
MADHYA PRADESH,Goa,730
MADHYA PRADESH,Lakshadweep,794
MADHYA PRADESH,Kerala,22566
MADHYA PRADESH,Tamil Nadu,9099
MADHYA PRADESH,Puducherry,76
MADHYA PRADESH,Andaman & Nicobar Islands,182
MADHYA PRADESH,Afganistan,21
MADHYA PRADESH,Bangladesh,6895
MADHYA PRADESH,Bhutan,57
MADHYA PRADESH,China,39
MADHYA PRADESH,Indonesia,21
MADHYA PRADESH,Iran,11
MADHYA PRADESH,Iraq,11
MADHYA PRADESH,Japan,19
MADHYA PRADESH,Kuwait,107
MADHYA PRADESH,Malaysia,32
MADHYA PRADESH,Maldives,0
MADHYA PRADESH,Mayanmar,90
MADHYA PRADESH,Nepal,8735
MADHYA PRADESH,Pakistan,27765
MADHYA PRADESH,Saudi Arabia,166
MADHYA PRADESH,Singapore,16
MADHYA PRADESH,Sri Lanka,58
MADHYA PRADESH,Turkey,4
MADHYA PRADESH,United Arab Emirates,134
MADHYA PRADESH,Kazakstan,0
MADHYA PRADESH,Vietnam,2
MADHYA PRADESH,Countries in Europe,2670
MADHYA PRADESH,France,9
MADHYA PRADESH,Germany,6
MADHYA PRADESH,Portugal,0
MADHYA PRADESH,UK,33
MADHYA PRADESH,Kenya,15
MADHYA PRADESH,Mauritius,5
MADHYA PRADESH,Nigeria,9
MADHYA PRADESH,Uganda,5
MADHYA PRADESH,Zambia,1
MADHYA PRADESH,Canada,8
MADHYA PRADESH,U.S.A.,231
MADHYA PRADESH,Australia,25
MADHYA PRADESH,Fiji,2
GUJARAT,Jammu & Kashmir,4883
GUJARAT,Himachal Pradesh,3761
GUJARAT,Punjab,27549
GUJARAT,Chandigarh,1603
GUJARAT,Uttarakhand,11938
GUJARAT,Haryana,32206
GUJARAT,NCT of Delhi,28596
GUJARAT,Rajasthan,747445
GUJARAT,Uttar Pradesh,929411
GUJARAT,Bihar,361010
GUJARAT,Sikkim,122
GUJARAT,Arunachal Pradesh,233
GUJARAT,Nagaland,313
GUJARAT,Manipur,531
GUJARAT,Mizoram,32
GUJARAT,Tripura,627
GUJARAT,Meghalaya,585
GUJARAT,Assam,13030
GUJARAT,West Bengal,89040
GUJARAT,Jharkhand,49576
GUJARAT,Odisha,176072
GUJARAT,Chhattisgarh,12397
GUJARAT,Madhya Pradesh,274773
GUJARAT,Gujarat,0
GUJARAT,Daman & Diu,14501
GUJARAT,Dadra & Nagar Haveli,10779
GUJARAT,Maharashtra,971975
GUJARAT,Andhra Pradesh,46784
GUJARAT,Karnataka,30437
GUJARAT,Goa,1951
GUJARAT,Lakshadweep,55
GUJARAT,Kerala,44356
GUJARAT,Tamil Nadu,28620
GUJARAT,Puducherry,552
GUJARAT,Andaman & Nicobar Islands,332
GUJARAT,Afganistan,25
GUJARAT,Bangladesh,460
GUJARAT,Bhutan,22
GUJARAT,China,15
GUJARAT,Indonesia,92
GUJARAT,Iran,39
GUJARAT,Iraq,27
GUJARAT,Japan,37
GUJARAT,Kuwait,298
GUJARAT,Malaysia,119
GUJARAT,Maldives,0
GUJARAT,Mayanmar,348
GUJARAT,Nepal,21308
GUJARAT,Pakistan,29054
GUJARAT,Saudi Arabia,466
GUJARAT,Singapore,180
GUJARAT,Sri Lanka,92
GUJARAT,Turkey,1
GUJARAT,United Arab Emirates,2145
GUJARAT,Kazakstan,5
GUJARAT,Vietnam,10
GUJARAT,Countries in Europe,3940
GUJARAT,France,55
GUJARAT,Germany,34
GUJARAT,Portugal,28
GUJARAT,UK,2138
GUJARAT,Kenya,870
GUJARAT,Mauritius,34
GUJARAT,Nigeria,53
GUJARAT,Uganda,324
GUJARAT,Zambia,96
GUJARAT,Canada,654
GUJARAT,U.S.A.,3988
GUJARAT,Australia,701
GUJARAT,Fiji,62
DAMAN & DIU,Jammu & Kashmir,57
DAMAN & DIU,Himachal Pradesh,96
DAMAN & DIU,Punjab,165
DAMAN & DIU,Chandigarh,37
DAMAN & DIU,Uttarakhand,405
DAMAN & DIU,Haryana,159
DAMAN & DIU,NCT of Delhi,438
DAMAN & DIU,Rajasthan,4584
DAMAN & DIU,Uttar Pradesh,27657
DAMAN & DIU,Bihar,28202
DAMAN & DIU,Sikkim,0
DAMAN & DIU,Arunachal Pradesh,5
DAMAN & DIU,Nagaland,5
DAMAN & DIU,Manipur,12
DAMAN & DIU,Mizoram,0
DAMAN & DIU,Tripura,32
DAMAN & DIU,Meghalaya,4
DAMAN & DIU,Assam,1622
DAMAN & DIU,West Bengal,4872
DAMAN & DIU,Jharkhand,3386
DAMAN & DIU,Odisha,4590
DAMAN & DIU,Chhattisgarh,336
DAMAN & DIU,Madhya Pradesh,7579
DAMAN & DIU,Gujarat,23072
DAMAN & DIU,Daman & Diu,0
DAMAN & DIU,Dadra & Nagar Haveli,159
DAMAN & DIU,Maharashtra,14738
DAMAN & DIU,Andhra Pradesh,386
DAMAN & DIU,Karnataka,569
DAMAN & DIU,Goa,127
DAMAN & DIU,Lakshadweep,53
DAMAN & DIU,Kerala,792
DAMAN & DIU,Tamil Nadu,341
DAMAN & DIU,Puducherry,6
DAMAN & DIU,Andaman & Nicobar Islands,36
DAMAN & DIU,Afganistan,0
DAMAN & DIU,Bangladesh,5
DAMAN & DIU,Bhutan,0
DAMAN & DIU,China,0
DAMAN & DIU,Indonesia,0
DAMAN & DIU,Iran,0
DAMAN & DIU,Iraq,0
DAMAN & DIU,Japan,0
DAMAN & DIU,Kuwait,3
DAMAN & DIU,Malaysia,0
DAMAN & DIU,Maldives,0
DAMAN & DIU,Mayanmar,0
DAMAN & DIU,Nepal,1431
DAMAN & DIU,Pakistan,3
DAMAN & DIU,Saudi Arabia,2
DAMAN & DIU,Singapore,0
DAMAN & DIU,Sri Lanka,0
DAMAN & DIU,Turkey,0
DAMAN & DIU,United Arab Emirates,8
DAMAN & DIU,Kazakstan,0
DAMAN & DIU,Vietnam,0
DAMAN & DIU,Countries in Europe,128
DAMAN & DIU,France,0
DAMAN & DIU,Germany,0
DAMAN & DIU,Portugal,11
DAMAN & DIU,UK,106
DAMAN & DIU,Kenya,3
DAMAN & DIU,Mauritius,0
DAMAN & DIU,Nigeria,0
DAMAN & DIU,Uganda,0
DAMAN & DIU,Zambia,1
DAMAN & DIU,Canada,0
DAMAN & DIU,U.S.A.,0
DAMAN & DIU,Australia,1
DAMAN & DIU,Fiji,0
DADRA & NAGAR HAVELI,Jammu & Kashmir,45
DADRA & NAGAR HAVELI,Himachal Pradesh,104
DADRA & NAGAR HAVELI,Punjab,291
DADRA & NAGAR HAVELI,Chandigarh,29
DADRA & NAGAR HAVELI,Uttarakhand,707
DADRA & NAGAR HAVELI,Haryana,304
DADRA & NAGAR HAVELI,NCT of Delhi,612
DADRA & NAGAR HAVELI,Rajasthan,6830
DADRA & NAGAR HAVELI,Uttar Pradesh,28719
DADRA & NAGAR HAVELI,Bihar,20848
DADRA & NAGAR HAVELI,Sikkim,0
DADRA & NAGAR HAVELI,Arunachal Pradesh,10
DADRA & NAGAR HAVELI,Nagaland,4
DADRA & NAGAR HAVELI,Manipur,30
DADRA & NAGAR HAVELI,Mizoram,1
DADRA & NAGAR HAVELI,Tripura,4
DADRA & NAGAR HAVELI,Meghalaya,0
DADRA & NAGAR HAVELI,Assam,1484
DADRA & NAGAR HAVELI,West Bengal,2962
DADRA & NAGAR HAVELI,Jharkhand,2205
DADRA & NAGAR HAVELI,Odisha,4339
DADRA & NAGAR HAVELI,Chhattisgarh,343
DADRA & NAGAR HAVELI,Madhya Pradesh,4707
DADRA & NAGAR HAVELI,Gujarat,30177
DADRA & NAGAR HAVELI,Daman & Diu,1080
DADRA & NAGAR HAVELI,Dadra & Nagar Haveli,0
DADRA & NAGAR HAVELI,Maharashtra,25860
DADRA & NAGAR HAVELI,Andhra Pradesh,748
DADRA & NAGAR HAVELI,Karnataka,1000
DADRA & NAGAR HAVELI,Goa,117
DADRA & NAGAR HAVELI,Lakshadweep,68
DADRA & NAGAR HAVELI,Kerala,1400
DADRA & NAGAR HAVELI,Tamil Nadu,559
DADRA & NAGAR HAVELI,Puducherry,9
DADRA & NAGAR HAVELI,Andaman & Nicobar Islands,6
DADRA & NAGAR HAVELI,Afganistan,0
DADRA & NAGAR HAVELI,Bangladesh,1
DADRA & NAGAR HAVELI,Bhutan,6
DADRA & NAGAR HAVELI,China,0
DADRA & NAGAR HAVELI,Indonesia,0
DADRA & NAGAR HAVELI,Iran,0
DADRA & NAGAR HAVELI,Iraq,0
DADRA & NAGAR HAVELI,Japan,0
DADRA & NAGAR HAVELI,Kuwait,0
DADRA & NAGAR HAVELI,Malaysia,1
DADRA & NAGAR HAVELI,Maldives,0
DADRA & NAGAR HAVELI,Mayanmar,0
DADRA & NAGAR HAVELI,Nepal,1333
DADRA & NAGAR HAVELI,Pakistan,5
DADRA & NAGAR HAVELI,Saudi Arabia,1
DADRA & NAGAR HAVELI,Singapore,2
DADRA & NAGAR HAVELI,Sri Lanka,1
DADRA & NAGAR HAVELI,Turkey,0
DADRA & NAGAR HAVELI,United Arab Emirates,4
DADRA & NAGAR HAVELI,Kazakstan,0
DADRA & NAGAR HAVELI,Vietnam,0
DADRA & NAGAR HAVELI,Countries in Europe,18
DADRA & NAGAR HAVELI,France,0
DADRA & NAGAR HAVELI,Germany,0
DADRA & NAGAR HAVELI,Portugal,0
DADRA & NAGAR HAVELI,UK,7
DADRA & NAGAR HAVELI,Kenya,2
DADRA & NAGAR HAVELI,Mauritius,0
DADRA & NAGAR HAVELI,Nigeria,1
DADRA & NAGAR HAVELI,Uganda,0
DADRA & NAGAR HAVELI,Zambia,0
DADRA & NAGAR HAVELI,Canada,0
DADRA & NAGAR HAVELI,U.S.A.,1
DADRA & NAGAR HAVELI,Australia,1
DADRA & NAGAR HAVELI,Fiji,0
MAHARASHTRA,Jammu & Kashmir,25774
MAHARASHTRA,Himachal Pradesh,15721
MAHARASHTRA,Punjab,73951
MAHARASHTRA,Chandigarh,3576
MAHARASHTRA,Uttarakhand,42968
MAHARASHTRA,Haryana,48673
MAHARASHTRA,NCT of Delhi,86131
MAHARASHTRA,Rajasthan,570233
MAHARASHTRA,Uttar Pradesh,2754706
MAHARASHTRA,Bihar,568667
MAHARASHTRA,Sikkim,551
MAHARASHTRA,Arunachal Pradesh,790
MAHARASHTRA,Nagaland,1401
MAHARASHTRA,Manipur,2824
MAHARASHTRA,Mizoram,480
MAHARASHTRA,Tripura,1577
MAHARASHTRA,Meghalaya,1842
MAHARASHTRA,Assam,30614
MAHARASHTRA,West Bengal,309766
MAHARASHTRA,Jharkhand,100285
MAHARASHTRA,Odisha,114411
MAHARASHTRA,Chhattisgarh,168379
MAHARASHTRA,Madhya Pradesh,824624
MAHARASHTRA,Gujarat,983653
MAHARASHTRA,Daman & Diu,2067
MAHARASHTRA,Dadra & Nagar Haveli,3066
MAHARASHTRA,Maharashtra,0
MAHARASHTRA,Andhra Pradesh,437034
MAHARASHTRA,Karnataka,1399591
MAHARASHTRA,Goa,68358
MAHARASHTRA,Lakshadweep,1138
MAHARASHTRA,Kerala,214889
MAHARASHTRA,Tamil Nadu,226029
MAHARASHTRA,Puducherry,1568
MAHARASHTRA,Andaman & Nicobar Islands,2043
MAHARASHTRA,Afganistan,228
MAHARASHTRA,Bangladesh,13805
MAHARASHTRA,Bhutan,74
MAHARASHTRA,China,585
MAHARASHTRA,Indonesia,293
MAHARASHTRA,Iran,726
MAHARASHTRA,Iraq,167
MAHARASHTRA,Japan,190
MAHARASHTRA,Kuwait,2127
MAHARASHTRA,Malaysia,298
MAHARASHTRA,Maldives,20
MAHARASHTRA,Mayanmar,593
MAHARASHTRA,Nepal,54216
MAHARASHTRA,Pakistan,56703
MAHARASHTRA,Saudi Arabia,1971
MAHARASHTRA,Singapore,637
MAHARASHTRA,Sri Lanka,381
MAHARASHTRA,Turkey,2
MAHARASHTRA,United Arab Emirates,5511
MAHARASHTRA,Kazakstan,15
MAHARASHTRA,Vietnam,24
MAHARASHTRA,Countries in Europe,10414
MAHARASHTRA,France,115
MAHARASHTRA,Germany,287
MAHARASHTRA,Portugal,6
MAHARASHTRA,UK,1515
MAHARASHTRA,Kenya,378
MAHARASHTRA,Mauritius,52
MAHARASHTRA,Nigeria,190
MAHARASHTRA,Uganda,89
MAHARASHTRA,Zambia,14
MAHARASHTRA,Canada,400
MAHARASHTRA,U.S.A.,5978
MAHARASHTRA,Australia,315
MAHARASHTRA,Fiji,12
ANDHRA PRADESH,Jammu & Kashmir,6583
ANDHRA PRADESH,Himachal Pradesh,1757
ANDHRA PRADESH,Punjab,6861
ANDHRA PRADESH,Chandigarh,1110
ANDHRA PRADESH,Uttarakhand,2306
ANDHRA PRADESH,Haryana,6220
ANDHRA PRADESH,NCT of Delhi,16907
ANDHRA PRADESH,Rajasthan,72554
ANDHRA PRADESH,Uttar Pradesh,49889
ANDHRA PRADESH,Bihar,48120
ANDHRA PRADESH,Sikkim,189
ANDHRA PRADESH,Arunachal Pradesh,239
ANDHRA PRADESH,Nagaland,331
ANDHRA PRADESH,Manipur,1369
ANDHRA PRADESH,Mizoram,228
ANDHRA PRADESH,Tripura,349
ANDHRA PRADESH,Meghalaya,499
ANDHRA PRADESH,Assam,7155
ANDHRA PRADESH,West Bengal,50218
ANDHRA PRADESH,Jharkhand,13024
ANDHRA PRADESH,Odisha,185872
ANDHRA PRADESH,Chhattisgarh,28383
ANDHRA PRADESH,Madhya Pradesh,18444
ANDHRA PRADESH,Gujarat,23299
ANDHRA PRADESH,Daman & Diu,51
ANDHRA PRADESH,Dadra & Nagar Haveli,16
ANDHRA PRADESH,Maharashtra,263216
ANDHRA PRADESH,Andhra Pradesh,0
ANDHRA PRADESH,Karnataka,466951
ANDHRA PRADESH,Goa,2209
ANDHRA PRADESH,Lakshadweep,337
ANDHRA PRADESH,Kerala,40113
ANDHRA PRADESH,Tamil Nadu,266720
ANDHRA PRADESH,Puducherry,7322
ANDHRA PRADESH,Andaman & Nicobar Islands,3049
ANDHRA PRADESH,Afganistan,35
ANDHRA PRADESH,Bangladesh,3134
ANDHRA PRADESH,Bhutan,78
ANDHRA PRADESH,China,47
ANDHRA PRADESH,Indonesia,23
ANDHRA PRADESH,Iran,67
ANDHRA PRADESH,Iraq,15
ANDHRA PRADESH,Japan,42
ANDHRA PRADESH,Kuwait,732
ANDHRA PRADESH,Malaysia,277
ANDHRA PRADESH,Maldives,19
ANDHRA PRADESH,Mayanmar,2643
ANDHRA PRADESH,Nepal,6392
ANDHRA PRADESH,Pakistan,1861
ANDHRA PRADESH,Saudi Arabia,1419
ANDHRA PRADESH,Singapore,317
ANDHRA PRADESH,Sri Lanka,1897
ANDHRA PRADESH,Turkey,3
ANDHRA PRADESH,United Arab Emirates,1480
ANDHRA PRADESH,Kazakstan,0
ANDHRA PRADESH,Vietnam,2
ANDHRA PRADESH,Countries in Europe,2373
ANDHRA PRADESH,France,20
ANDHRA PRADESH,Germany,65
ANDHRA PRADESH,Portugal,0
ANDHRA PRADESH,UK,584
ANDHRA PRADESH,Kenya,28
ANDHRA PRADESH,Mauritius,0
ANDHRA PRADESH,Nigeria,43
ANDHRA PRADESH,Uganda,10
ANDHRA PRADESH,Zambia,2
ANDHRA PRADESH,Canada,130
ANDHRA PRADESH,U.S.A.,5341
ANDHRA PRADESH,Australia,187
ANDHRA PRADESH,Fiji,0
KARNATAKA,Jammu & Kashmir,9326
KARNATAKA,Himachal Pradesh,6763
KARNATAKA,Punjab,11819
KARNATAKA,Chandigarh,2124
KARNATAKA,Uttarakhand,5177
KARNATAKA,Haryana,12511
KARNATAKA,NCT of Delhi,35162
KARNATAKA,Rajasthan,150359
KARNATAKA,Uttar Pradesh,92495
KARNATAKA,Bihar,86083
KARNATAKA,Sikkim,1615
KARNATAKA,Arunachal Pradesh,2300
KARNATAKA,Nagaland,1325
KARNATAKA,Manipur,4897
KARNATAKA,Mizoram,468
KARNATAKA,Tripura,1896
KARNATAKA,Meghalaya,1959
KARNATAKA,Assam,23651
KARNATAKA,West Bengal,67639
KARNATAKA,Jharkhand,21064
KARNATAKA,Odisha,64032
KARNATAKA,Chhattisgarh,7582
KARNATAKA,Madhya Pradesh,22610
KARNATAKA,Gujarat,38953
KARNATAKA,Daman & Diu,57
KARNATAKA,Dadra & Nagar Haveli,110
KARNATAKA,Maharashtra,586864
KARNATAKA,Andhra Pradesh,890697
KARNATAKA,Karnataka,0
KARNATAKA,Goa,22190
KARNATAKA,Lakshadweep,602
KARNATAKA,Kerala,334181
KARNATAKA,Tamil Nadu,736821
KARNATAKA,Puducherry,3222
KARNATAKA,Andaman & Nicobar Islands,1106
KARNATAKA,Afganistan,58
KARNATAKA,Bangladesh,4406
KARNATAKA,Bhutan,494
KARNATAKA,China,5717
KARNATAKA,Indonesia,81
KARNATAKA,Iran,361
KARNATAKA,Iraq,44
KARNATAKA,Japan,168
KARNATAKA,Kuwait,1285
KARNATAKA,Malaysia,565
KARNATAKA,Maldives,144
KARNATAKA,Mayanmar,235
KARNATAKA,Nepal,13899
KARNATAKA,Pakistan,1647
KARNATAKA,Saudi Arabia,2196
KARNATAKA,Singapore,571
KARNATAKA,Sri Lanka,3004
KARNATAKA,Turkey,6
KARNATAKA,United Arab Emirates,4117
KARNATAKA,Kazakstan,0
KARNATAKA,Vietnam,11
KARNATAKA,Countries in Europe,9455
KARNATAKA,France,114
KARNATAKA,Germany,304
KARNATAKA,Portugal,2
KARNATAKA,UK,969
KARNATAKA,Kenya,129
KARNATAKA,Mauritius,25
KARNATAKA,Nigeria,92
KARNATAKA,Uganda,46
KARNATAKA,Zambia,15
KARNATAKA,Canada,423
KARNATAKA,U.S.A.,7454
KARNATAKA,Australia,244
KARNATAKA,Fiji,4
GOA,Jammu & Kashmir,761
GOA,Himachal Pradesh,403
GOA,Punjab,797
GOA,Chandigarh,100
GOA,Uttarakhand,658
GOA,Haryana,953
GOA,NCT of Delhi,2503
GOA,Rajasthan,4830
GOA,Uttar Pradesh,20136
GOA,Bihar,8334
GOA,Sikkim,31
GOA,Arunachal Pradesh,22
GOA,Nagaland,91
GOA,Manipur,268
GOA,Mizoram,23
GOA,Tripura,33
GOA,Meghalaya,49
GOA,Assam,1502
GOA,West Bengal,5342
GOA,Jharkhand,3583
GOA,Odisha,4389
GOA,Chhattisgarh,916
GOA,Madhya Pradesh,2612
GOA,Gujarat,3720
GOA,Daman & Diu,287
GOA,Dadra & Nagar Haveli,27
GOA,Maharashtra,71943
GOA,Andhra Pradesh,5652
GOA,Karnataka,116865
GOA,Goa,0
GOA,Lakshadweep,20
GOA,Kerala,8218
GOA,Tamil Nadu,4239
GOA,Puducherry,59
GOA,Andaman & Nicobar Islands,323
GOA,Afganistan,10
GOA,Bangladesh,31
GOA,Bhutan,5
GOA,China,88
GOA,Indonesia,17
GOA,Iran,5
GOA,Iraq,4
GOA,Japan,4
GOA,Kuwait,1031
GOA,Malaysia,10
GOA,Maldives,7
GOA,Mayanmar,4
GOA,Nepal,1749
GOA,Pakistan,281
GOA,Saudi Arabia,123
GOA,Singapore,71
GOA,Sri Lanka,28
GOA,Turkey,1
GOA,United Arab Emirates,1059
GOA,Kazakstan,0
GOA,Vietnam,0
GOA,Countries in Europe,1702
GOA,France,21
GOA,Germany,69
GOA,Portugal,19
GOA,UK,325
GOA,Kenya,249
GOA,Mauritius,0
GOA,Nigeria,0
GOA,Uganda,52
GOA,Zambia,6
GOA,Canada,21
GOA,U.S.A.,125
GOA,Australia,19
GOA,Fiji,0
LAKSHADWEEP,Jammu & Kashmir,6
LAKSHADWEEP,Himachal Pradesh,0
LAKSHADWEEP,Punjab,6
LAKSHADWEEP,Chandigarh,1
LAKSHADWEEP,Uttarakhand,2
LAKSHADWEEP,Haryana,5
LAKSHADWEEP,NCT of Delhi,26
LAKSHADWEEP,Rajasthan,8
LAKSHADWEEP,Uttar Pradesh,11
LAKSHADWEEP,Bihar,12
LAKSHADWEEP,Sikkim,0
LAKSHADWEEP,Arunachal Pradesh,4
LAKSHADWEEP,Nagaland,0
LAKSHADWEEP,Manipur,0
LAKSHADWEEP,Mizoram,1
LAKSHADWEEP,Tripura,2
LAKSHADWEEP,Meghalaya,1
LAKSHADWEEP,Assam,5
LAKSHADWEEP,West Bengal,121
LAKSHADWEEP,Jharkhand,1
LAKSHADWEEP,Odisha,23
LAKSHADWEEP,Chhattisgarh,2
LAKSHADWEEP,Madhya Pradesh,23
LAKSHADWEEP,Gujarat,56
LAKSHADWEEP,Daman & Diu,87
LAKSHADWEEP,Dadra & Nagar Haveli,119
LAKSHADWEEP,Maharashtra,563
LAKSHADWEEP,Andhra Pradesh,47
LAKSHADWEEP,Karnataka,137
LAKSHADWEEP,Goa,6
LAKSHADWEEP,Lakshadweep,0
LAKSHADWEEP,Kerala,4379
LAKSHADWEEP,Tamil Nadu,380
LAKSHADWEEP,Puducherry,4
LAKSHADWEEP,Andaman & Nicobar Islands,39
LAKSHADWEEP,Afganistan,0
LAKSHADWEEP,Bangladesh,0
LAKSHADWEEP,Bhutan,0
LAKSHADWEEP,China,0
LAKSHADWEEP,Indonesia,0
LAKSHADWEEP,Iran,0
LAKSHADWEEP,Iraq,0
LAKSHADWEEP,Japan,0
LAKSHADWEEP,Kuwait,0
LAKSHADWEEP,Malaysia,4
LAKSHADWEEP,Maldives,1
LAKSHADWEEP,Mayanmar,0
LAKSHADWEEP,Nepal,0
LAKSHADWEEP,Pakistan,15
LAKSHADWEEP,Saudi Arabia,7
LAKSHADWEEP,Singapore,1
LAKSHADWEEP,Sri Lanka,10
LAKSHADWEEP,Turkey,0
LAKSHADWEEP,United Arab Emirates,0
LAKSHADWEEP,Kazakstan,0
LAKSHADWEEP,Vietnam,0
LAKSHADWEEP,Countries in Europe,1
LAKSHADWEEP,France,0
LAKSHADWEEP,Germany,0
LAKSHADWEEP,Portugal,0
LAKSHADWEEP,UK,0
LAKSHADWEEP,Kenya,0
LAKSHADWEEP,Mauritius,0
LAKSHADWEEP,Nigeria,0
LAKSHADWEEP,Uganda,0
LAKSHADWEEP,Zambia,0
LAKSHADWEEP,Canada,0
LAKSHADWEEP,U.S.A.,0
LAKSHADWEEP,Australia,0
LAKSHADWEEP,Fiji,0
KERALA,Jammu & Kashmir,4293
KERALA,Himachal Pradesh,743
KERALA,Punjab,3402
KERALA,Chandigarh,423
KERALA,Uttarakhand,790
KERALA,Haryana,2228
KERALA,NCT of Delhi,15303
KERALA,Rajasthan,8893
KERALA,Uttar Pradesh,12203
KERALA,Bihar,9904
KERALA,Sikkim,196
KERALA,Arunachal Pradesh,738
KERALA,Nagaland,1104
KERALA,Manipur,608
KERALA,Mizoram,156
KERALA,Tripura,232
KERALA,Meghalaya,410
KERALA,Assam,8469
KERALA,West Bengal,30470
KERALA,Jharkhand,3109
KERALA,Odisha,12223
KERALA,Chhattisgarh,2563
KERALA,Madhya Pradesh,8345
KERALA,Gujarat,10443
KERALA,Daman & Diu,38
KERALA,Dadra & Nagar Haveli,27
KERALA,Maharashtra,47464
KERALA,Andhra Pradesh,19228
KERALA,Karnataka,110833
KERALA,Goa,2557
KERALA,Lakshadweep,2026
KERALA,Kerala,0
KERALA,Tamil Nadu,311347
KERALA,Puducherry,21352
KERALA,Andaman & Nicobar Islands,2303
KERALA,Afganistan,45
KERALA,Bangladesh,124
KERALA,Bhutan,138
KERALA,China,84
KERALA,Indonesia,58
KERALA,Iran,54
KERALA,Iraq,50
KERALA,Japan,41
KERALA,Kuwait,6474
KERALA,Malaysia,1147
KERALA,Maldives,433
KERALA,Mayanmar,135
KERALA,Nepal,2439
KERALA,Pakistan,1022
KERALA,Saudi Arabia,23307
KERALA,Singapore,1100
KERALA,Sri Lanka,3852
KERALA,Turkey,1
KERALA,United Arab Emirates,42737
KERALA,Kazakstan,12
KERALA,Vietnam,7
KERALA,Countries in Europe,4737
KERALA,France,48
KERALA,Germany,421
KERALA,Portugal,3
KERALA,UK,1044
KERALA,Kenya,84
KERALA,Mauritius,16
KERALA,Nigeria,211
KERALA,Uganda,23
KERALA,Zambia,28
KERALA,Canada,147
KERALA,U.S.A.,1689
KERALA,Australia,219
KERALA,Fiji,4
TAMIL NADU,Jammu & Kashmir,7221
TAMIL NADU,Himachal Pradesh,898
TAMIL NADU,Punjab,6082
TAMIL NADU,Chandigarh,922
TAMIL NADU,Uttarakhand,1040
TAMIL NADU,Haryana,5172
TAMIL NADU,NCT of Delhi,12139
TAMIL NADU,Rajasthan,88474
TAMIL NADU,Uttar Pradesh,27985
TAMIL NADU,Bihar,29277
TAMIL NADU,Sikkim,231
TAMIL NADU,Arunachal Pradesh,481
TAMIL NADU,Nagaland,558
TAMIL NADU,Manipur,1595
TAMIL NADU,Mizoram,207
TAMIL NADU,Tripura,374
TAMIL NADU,Meghalaya,567
TAMIL NADU,Assam,7860
TAMIL NADU,West Bengal,28829
TAMIL NADU,Jharkhand,7581
TAMIL NADU,Odisha,22863
TAMIL NADU,Chhattisgarh,2174
TAMIL NADU,Madhya Pradesh,10917
TAMIL NADU,Gujarat,21024
TAMIL NADU,Daman & Diu,38
TAMIL NADU,Dadra & Nagar Haveli,318
TAMIL NADU,Maharashtra,82197
TAMIL NADU,Andhra Pradesh,286427
TAMIL NADU,Karnataka,289302
TAMIL NADU,Goa,1689
TAMIL NADU,Lakshadweep,81
TAMIL NADU,Kerala,447701
TAMIL NADU,Tamil Nadu,0
TAMIL NADU,Puducherry,252312
TAMIL NADU,Andaman & Nicobar Islands,6235
TAMIL NADU,Afganistan,8
TAMIL NADU,Bangladesh,358
TAMIL NADU,Bhutan,145
TAMIL NADU,China,640
TAMIL NADU,Indonesia,174
TAMIL NADU,Iran,32
TAMIL NADU,Iraq,19
TAMIL NADU,Japan,150
TAMIL NADU,Kuwait,1492
TAMIL NADU,Malaysia,7898
TAMIL NADU,Maldives,166
TAMIL NADU,Mayanmar,13571
TAMIL NADU,Nepal,6557
TAMIL NADU,Pakistan,2065
TAMIL NADU,Saudi Arabia,3699
TAMIL NADU,Singapore,5436
TAMIL NADU,Sri Lanka,114635
TAMIL NADU,Turkey,4
TAMIL NADU,United Arab Emirates,7057
TAMIL NADU,Kazakstan,0
TAMIL NADU,Vietnam,61
TAMIL NADU,Countries in Europe,5022
TAMIL NADU,France,203
TAMIL NADU,Germany,281
TAMIL NADU,Portugal,1
TAMIL NADU,UK,1045
TAMIL NADU,Kenya,66
TAMIL NADU,Mauritius,20
TAMIL NADU,Nigeria,85
TAMIL NADU,Uganda,19
TAMIL NADU,Zambia,6
TAMIL NADU,Canada,325
TAMIL NADU,U.S.A.,6502
TAMIL NADU,Australia,372
TAMIL NADU,Fiji,3
PUDUCHERRY,Jammu & Kashmir,163
PUDUCHERRY,Himachal Pradesh,36
PUDUCHERRY,Punjab,169
PUDUCHERRY,Chandigarh,30
PUDUCHERRY,Uttarakhand,51
PUDUCHERRY,Haryana,130
PUDUCHERRY,NCT of Delhi,802
PUDUCHERRY,Rajasthan,1267
PUDUCHERRY,Uttar Pradesh,907
PUDUCHERRY,Bihar,680
PUDUCHERRY,Sikkim,22
PUDUCHERRY,Arunachal Pradesh,19
PUDUCHERRY,Nagaland,14
PUDUCHERRY,Manipur,36
PUDUCHERRY,Mizoram,1
PUDUCHERRY,Tripura,33
PUDUCHERRY,Meghalaya,23
PUDUCHERRY,Assam,283
PUDUCHERRY,West Bengal,1202
PUDUCHERRY,Jharkhand,123
PUDUCHERRY,Odisha,1753
PUDUCHERRY,Chhattisgarh,28
PUDUCHERRY,Madhya Pradesh,253
PUDUCHERRY,Gujarat,2102
PUDUCHERRY,Daman & Diu,5
PUDUCHERRY,Dadra & Nagar Haveli,0
PUDUCHERRY,Maharashtra,2037
PUDUCHERRY,Andhra Pradesh,32330
PUDUCHERRY,Karnataka,2978
PUDUCHERRY,Goa,91
PUDUCHERRY,Lakshadweep,8
PUDUCHERRY,Kerala,21345
PUDUCHERRY,Tamil Nadu,270900
PUDUCHERRY,Puducherry,0
PUDUCHERRY,Andaman & Nicobar Islands,146
PUDUCHERRY,Afganistan,0
PUDUCHERRY,Bangladesh,58
PUDUCHERRY,Bhutan,4
PUDUCHERRY,China,26
PUDUCHERRY,Indonesia,33
PUDUCHERRY,Iran,2
PUDUCHERRY,Iraq,1
PUDUCHERRY,Japan,1
PUDUCHERRY,Kuwait,106
PUDUCHERRY,Malaysia,180
PUDUCHERRY,Maldives,1
PUDUCHERRY,Mayanmar,83
PUDUCHERRY,Nepal,378
PUDUCHERRY,Pakistan,849
PUDUCHERRY,Saudi Arabia,192
PUDUCHERRY,Singapore,199
PUDUCHERRY,Sri Lanka,198
PUDUCHERRY,Turkey,0
PUDUCHERRY,United Arab Emirates,534
PUDUCHERRY,Kazakstan,0
PUDUCHERRY,Vietnam,48
PUDUCHERRY,Countries in Europe,1196
PUDUCHERRY,France,699
PUDUCHERRY,Germany,13
PUDUCHERRY,Portugal,0
PUDUCHERRY,UK,77
PUDUCHERRY,Kenya,8
PUDUCHERRY,Mauritius,1
PUDUCHERRY,Nigeria,6
PUDUCHERRY,Uganda,0
PUDUCHERRY,Zambia,0
PUDUCHERRY,Canada,13
PUDUCHERRY,U.S.A.,136
PUDUCHERRY,Australia,16
PUDUCHERRY,Fiji,0
ANDAMAN & NICOBAR ISLANDS,Jammu & Kashmir,100
ANDAMAN & NICOBAR ISLANDS,Himachal Pradesh,55
ANDAMAN & NICOBAR ISLANDS,Punjab,429
ANDAMAN & NICOBAR ISLANDS,Chandigarh,53
ANDAMAN & NICOBAR ISLANDS,Uttarakhand,255
ANDAMAN & NICOBAR ISLANDS,Haryana,278
ANDAMAN & NICOBAR ISLANDS,NCT of Delhi,437
ANDAMAN & NICOBAR ISLANDS,Rajasthan,257
ANDAMAN & NICOBAR ISLANDS,Uttar Pradesh,3114
ANDAMAN & NICOBAR ISLANDS,Bihar,1779
ANDAMAN & NICOBAR ISLANDS,Sikkim,13
ANDAMAN & NICOBAR ISLANDS,Arunachal Pradesh,18
ANDAMAN & NICOBAR ISLANDS,Nagaland,24
ANDAMAN & NICOBAR ISLANDS,Manipur,20
ANDAMAN & NICOBAR ISLANDS,Mizoram,10
ANDAMAN & NICOBAR ISLANDS,Tripura,77
ANDAMAN & NICOBAR ISLANDS,Meghalaya,21
ANDAMAN & NICOBAR ISLANDS,Assam,459
ANDAMAN & NICOBAR ISLANDS,West Bengal,20998
ANDAMAN & NICOBAR ISLANDS,Jharkhand,7612
ANDAMAN & NICOBAR ISLANDS,Odisha,1244
ANDAMAN & NICOBAR ISLANDS,Chhattisgarh,2600
ANDAMAN & NICOBAR ISLANDS,Madhya Pradesh,648
ANDAMAN & NICOBAR ISLANDS,Gujarat,254
ANDAMAN & NICOBAR ISLANDS,Daman & Diu,11
ANDAMAN & NICOBAR ISLANDS,Dadra & Nagar Haveli,1
ANDAMAN & NICOBAR ISLANDS,Maharashtra,1052
ANDAMAN & NICOBAR ISLANDS,Andhra Pradesh,15681
ANDAMAN & NICOBAR ISLANDS,Karnataka,493
ANDAMAN & NICOBAR ISLANDS,Goa,212
ANDAMAN & NICOBAR ISLANDS,Lakshadweep,21
ANDAMAN & NICOBAR ISLANDS,Kerala,4829
ANDAMAN & NICOBAR ISLANDS,Tamil Nadu,18136
ANDAMAN & NICOBAR ISLANDS,Puducherry,76
ANDAMAN & NICOBAR ISLANDS,Andaman & Nicobar Islands,0
ANDAMAN & NICOBAR ISLANDS,Afganistan,0
ANDAMAN & NICOBAR ISLANDS,Bangladesh,2806
ANDAMAN & NICOBAR ISLANDS,Bhutan,2
ANDAMAN & NICOBAR ISLANDS,China,0
ANDAMAN & NICOBAR ISLANDS,Indonesia,0
ANDAMAN & NICOBAR ISLANDS,Iran,0
ANDAMAN & NICOBAR ISLANDS,Iraq,0
ANDAMAN & NICOBAR ISLANDS,Japan,0
ANDAMAN & NICOBAR ISLANDS,Kuwait,0
ANDAMAN & NICOBAR ISLANDS,Malaysia,5
ANDAMAN & NICOBAR ISLANDS,Maldives,0
ANDAMAN & NICOBAR ISLANDS,Mayanmar,147
ANDAMAN & NICOBAR ISLANDS,Nepal,324
ANDAMAN & NICOBAR ISLANDS,Pakistan,65
ANDAMAN & NICOBAR ISLANDS,Saudi Arabia,2
ANDAMAN & NICOBAR ISLANDS,Singapore,8
ANDAMAN & NICOBAR ISLANDS,Sri Lanka,127
ANDAMAN & NICOBAR ISLANDS,Turkey,0
ANDAMAN & NICOBAR ISLANDS,United Arab Emirates,2
ANDAMAN & NICOBAR ISLANDS,Kazakstan,0
ANDAMAN & NICOBAR ISLANDS,Vietnam,0
ANDAMAN & NICOBAR ISLANDS,Countries in Europe,34
ANDAMAN & NICOBAR ISLANDS,France,0
ANDAMAN & NICOBAR ISLANDS,Germany,0
ANDAMAN & NICOBAR ISLANDS,Portugal,0
ANDAMAN & NICOBAR ISLANDS,UK,5
ANDAMAN & NICOBAR ISLANDS,Kenya,0
ANDAMAN & NICOBAR ISLANDS,Mauritius,0
ANDAMAN & NICOBAR ISLANDS,Nigeria,0
ANDAMAN & NICOBAR ISLANDS,Uganda,0
ANDAMAN & NICOBAR ISLANDS,Zambia,0
ANDAMAN & NICOBAR ISLANDS,Canada,0
ANDAMAN & NICOBAR ISLANDS,U.S.A.,2
ANDAMAN & NICOBAR ISLANDS,Australia,0
ANDAMAN & NICOBAR ISLANDS,Fiji,0
